[
  {
    "_id": "Traffic-Dashboard",
    "_type": "dashboard",
    "_source": {
      "title": "Traffic Dashboard",
      "hits": 0,
      "description": "",
      "panelsJSON": "[{\"panelIndex\":\"5\",\"gridData\":{\"x\":6,\"y\":6,\"w\":6,\"h\":6,\"i\":\"5\"},\"title\":\"Source User & IP by Traffic\",\"id\":\"Top-10-Source-Users-slash-IP's-ampersand-Applications-(Sum-of-Bytes-Transferred)\",\"type\":\"visualization\",\"version\":\"6.1.2\"},{\"panelIndex\":\"9\",\"gridData\":{\"x\":0,\"y\":0,\"w\":4,\"h\":3,\"i\":\"9\"},\"title\":\"Network Traffic\",\"id\":\"f420b810-fd77-11e7-be83-eddfa25a06ba\",\"type\":\"visualization\",\"version\":\"6.1.2\"},{\"panelIndex\":\"13\",\"gridData\":{\"x\":4,\"y\":0,\"w\":8,\"h\":3,\"i\":\"13\"},\"title\":\"Network Traffic by Zone\",\"id\":\"2e8b7470-fda2-11e7-be83-eddfa25a06ba\",\"type\":\"visualization\",\"version\":\"6.1.2\"},{\"panelIndex\":\"14\",\"gridData\":{\"x\":0,\"y\":6,\"w\":6,\"h\":6,\"i\":\"14\"},\"title\":\"URL Categories by Traffic\",\"id\":\"6e78d6e0-fd7a-11e7-be83-eddfa25a06ba\",\"type\":\"visualization\",\"version\":\"6.1.2\"},{\"panelIndex\":\"15\",\"gridData\":{\"x\":3,\"y\":3,\"w\":3,\"h\":3,\"i\":\"15\"},\"title\":\"URL Categories by Traffic\",\"id\":\"c3f37800-fd7a-11e7-be83-eddfa25a06ba\",\"type\":\"visualization\",\"version\":\"6.1.2\"},{\"panelIndex\":\"16\",\"gridData\":{\"x\":0,\"y\":3,\"w\":3,\"h\":3,\"i\":\"16\"},\"title\":\"Applications by Traffic\",\"id\":\"0adfdc50-fd7a-11e7-be83-eddfa25a06ba\",\"type\":\"visualization\",\"version\":\"6.1.2\"},{\"title\":\"Traffic Desintation IP\",\"panelIndex\":\"17\",\"gridData\":{\"x\":9,\"y\":3,\"w\":3,\"h\":3,\"i\":\"17\"},\"version\":\"6.1.2\",\"type\":\"visualization\",\"id\":\"448816c0-fdca-11e7-be83-eddfa25a06ba\"},{\"title\":\"Traffic Source IP\",\"panelIndex\":\"18\",\"gridData\":{\"x\":6,\"y\":3,\"w\":3,\"h\":3,\"i\":\"18\"},\"version\":\"6.1.2\",\"type\":\"visualization\",\"id\":\"34e58e50-fdca-11e7-be83-eddfa25a06ba\"}]",
      "optionsJSON": "{\"darkTheme\":true,\"useMargins\":false}",
      "uiStateJSON": "{\"P-3\":{\"vis\":{\"colors\":{\"drop\":\"#BF1B00\"}}},\"P-5\":{\"vis\":{\"params\":{\"sort\":{\"columnIndex\":null,\"direction\":null}}}},\"P-14\":{\"vis\":{\"params\":{\"sort\":{\"columnIndex\":null,\"direction\":null}}}},\"P-16\":{\"vis\":{\"legendOpen\":true}},\"P-13\":{\"vis\":{\"colors\":{\"L3-Untrust\":\"#5195CE\",\"L3-Trust\":\"#508642\",\"WiFi-Staff\":\"#BA43A9\",\"VPN-Sites\":\"#E5AC0E\"}}}}",
      "version": 1,
      "timeRestore": false,
      "kibanaSavedObjectMeta": {
        "searchSourceJSON": "{\"filter\":[],\"highlightAll\":true,\"version\":true,\"query\":{\"language\":\"lucene\",\"query\":{\"query_string\":{\"analyze_wildcard\":true,\"default_field\":\"*\",\"query\":\"*\"}}}}"
      }
    }
  },
  {
    "_id": "857150a0-fdea-11e7-be83-eddfa25a06ba",
    "_type": "dashboard",
    "_source": {
      "title": "Application Dashboard",
      "hits": 0,
      "description": "",
      "panelsJSON": "[{\"title\":\"Traffic by Application\",\"panelIndex\":\"1\",\"gridData\":{\"x\":3,\"y\":0,\"w\":9,\"h\":3,\"i\":\"1\"},\"id\":\"4f8f21e0-fd79-11e7-be83-eddfa25a06ba\",\"type\":\"visualization\",\"version\":\"6.1.2\"},{\"title\":\"Traffic by Application\",\"panelIndex\":\"2\",\"gridData\":{\"x\":9,\"y\":3,\"w\":3,\"h\":3,\"i\":\"2\"},\"id\":\"0adfdc50-fd7a-11e7-be83-eddfa25a06ba\",\"type\":\"visualization\",\"version\":\"6.1.2\"},{\"title\":\"Top 10 Applications\",\"panelIndex\":\"3\",\"gridData\":{\"x\":0,\"y\":3,\"w\":6,\"h\":6,\"i\":\"3\"},\"id\":\"a83b53e0-fd79-11e7-be83-eddfa25a06ba\",\"type\":\"visualization\",\"version\":\"6.1.2\"},{\"title\":\"Unusual Applications\",\"panelIndex\":\"4\",\"gridData\":{\"x\":6,\"y\":3,\"w\":3,\"h\":3,\"i\":\"4\"},\"id\":\"Top-10-Applications-(Sum-of-Bytes-Transferred)\",\"type\":\"visualization\",\"version\":\"6.1.2\"},{\"title\":\"Total Traffic\",\"panelIndex\":\"5\",\"gridData\":{\"x\":0,\"y\":0,\"w\":3,\"h\":3,\"i\":\"5\"},\"id\":\"f420b810-fd77-11e7-be83-eddfa25a06ba\",\"type\":\"visualization\",\"version\":\"6.1.2\"},{\"title\":\"Applications by Protocol\",\"panelIndex\":\"6\",\"gridData\":{\"x\":6,\"y\":6,\"w\":3,\"h\":3,\"i\":\"6\"},\"version\":\"6.1.2\",\"type\":\"visualization\",\"id\":\"a58750a0-fdeb-11e7-be83-eddfa25a06ba\"},{\"title\":\"Traffic by PANW Rule\",\"panelIndex\":\"7\",\"gridData\":{\"x\":9,\"y\":6,\"w\":3,\"h\":3,\"i\":\"7\"},\"version\":\"6.1.2\",\"type\":\"visualization\",\"id\":\"bc35e500-fdeb-11e7-be83-eddfa25a06ba\"}]",
      "optionsJSON": "{\"darkTheme\":true,\"hidePanelTitles\":false,\"useMargins\":false}",
      "uiStateJSON": "{\"P-3\":{\"vis\":{\"params\":{\"sort\":{\"columnIndex\":null,\"direction\":null}}}}}",
      "version": 1,
      "timeRestore": false,
      "kibanaSavedObjectMeta": {
        "searchSourceJSON": "{\"query\":{\"language\":\"lucene\",\"query\":\"\"},\"filter\":[],\"highlightAll\":true,\"version\":true}"
      }
    }
  },
  {
    "_id": "ddfa5fb0-fde9-11e7-be83-eddfa25a06ba",
    "_type": "dashboard",
    "_source": {
      "title": "URL Dashboard",
      "hits": 0,
      "description": "",
      "panelsJSON": "[{\"panelIndex\":\"3\",\"gridData\":{\"x\":3,\"y\":3,\"w\":3,\"h\":3,\"i\":\"3\"},\"title\":\"URL Count by Destination\",\"version\":\"6.1.2\",\"type\":\"visualization\",\"id\":\"3f587050-fde8-11e7-be83-eddfa25a06ba\"},{\"panelIndex\":\"4\",\"gridData\":{\"x\":6,\"y\":3,\"w\":3,\"h\":3,\"i\":\"4\"},\"title\":\"URL Count by User\",\"version\":\"6.1.2\",\"type\":\"visualization\",\"id\":\"e43b6ff0-fde8-11e7-be83-eddfa25a06ba\"},{\"panelIndex\":\"5\",\"gridData\":{\"x\":0,\"y\":3,\"w\":3,\"h\":3,\"i\":\"5\"},\"title\":\"URL Count by Category\",\"version\":\"6.1.2\",\"type\":\"visualization\",\"id\":\"6fee55e0-fde8-11e7-be83-eddfa25a06ba\"},{\"panelIndex\":\"6\",\"gridData\":{\"x\":0,\"y\":0,\"w\":6,\"h\":3,\"i\":\"6\"},\"title\":\"URL Count by User\",\"version\":\"6.1.2\",\"type\":\"visualization\",\"id\":\"ecb58ad0-fde8-11e7-be83-eddfa25a06ba\"},{\"panelIndex\":\"7\",\"gridData\":{\"x\":0,\"y\":11,\"w\":3,\"h\":3,\"i\":\"7\"},\"title\":\"Blocked URLs\",\"version\":\"6.1.2\",\"type\":\"visualization\",\"id\":\"22307310-fde8-11e7-be83-eddfa25a06ba\"},{\"panelIndex\":\"8\",\"gridData\":{\"x\":3,\"y\":11,\"w\":3,\"h\":3,\"i\":\"8\"},\"title\":\"Blocked URLs by Category\",\"version\":\"6.1.2\",\"type\":\"visualization\",\"id\":\"77480ca0-fde8-11e7-be83-eddfa25a06ba\"},{\"panelIndex\":\"9\",\"gridData\":{\"x\":6,\"y\":11,\"w\":6,\"h\":3,\"i\":\"9\"},\"title\":\"Blocked URLs by User\",\"version\":\"6.1.2\",\"type\":\"visualization\",\"id\":\"f679d8f0-fde8-11e7-be83-eddfa25a06ba\"},{\"panelIndex\":\"10\",\"gridData\":{\"x\":9,\"y\":3,\"w\":3,\"h\":3,\"i\":\"10\"},\"title\":\"Top 10 URLs\",\"version\":\"6.1.2\",\"type\":\"visualization\",\"id\":\"6d55ff20-fde5-11e7-be83-eddfa25a06ba\"},{\"panelIndex\":\"11\",\"gridData\":{\"x\":0,\"y\":6,\"w\":12,\"h\":5,\"i\":\"11\"},\"title\":\"Top 10 Destinations\",\"version\":\"6.1.2\",\"type\":\"visualization\",\"id\":\"37ee9780-fde9-11e7-be83-eddfa25a06ba\"},{\"panelIndex\":\"12\",\"gridData\":{\"x\":6,\"y\":0,\"w\":6,\"h\":3,\"i\":\"12\"},\"title\":\"URL Count by Source IP\",\"version\":\"6.1.2\",\"type\":\"visualization\",\"id\":\"1f9dc4d0-fde9-11e7-be83-eddfa25a06ba\"}]",
      "optionsJSON": "{\"darkTheme\":true,\"useMargins\":false,\"hidePanelTitles\":false}",
      "uiStateJSON": "{}",
      "version": 1,
      "timeRestore": false,
      "kibanaSavedObjectMeta": {
        "searchSourceJSON": "{\"query\":{\"query\":\"\",\"language\":\"lucene\"},\"filter\":[],\"highlightAll\":true,\"version\":true}"
      }
    }
  },
  {
    "_id": "7ef5f150-fdfd-11e7-be83-eddfa25a06ba",
    "_type": "dashboard",
    "_source": {
      "title": "Overview Dashboard",
      "hits": 0,
      "description": "",
      "panelsJSON": "[{\"panelIndex\":\"1\",\"gridData\":{\"x\":3,\"y\":0,\"w\":3,\"h\":3,\"i\":\"1\"},\"id\":\"4f8f21e0-fd79-11e7-be83-eddfa25a06ba\",\"title\":\"Traffic by Application\",\"type\":\"visualization\",\"version\":\"6.1.2\"},{\"panelIndex\":\"2\",\"gridData\":{\"x\":6,\"y\":0,\"w\":3,\"h\":3,\"i\":\"2\"},\"id\":\"c5a60560-fdfb-11e7-be83-eddfa25a06ba\",\"title\":\"URLs by Action\",\"type\":\"visualization\",\"version\":\"6.1.2\"},{\"panelIndex\":\"3\",\"gridData\":{\"x\":9,\"y\":0,\"w\":3,\"h\":3,\"i\":\"3\"},\"id\":\"15f85080-fdc1-11e7-be83-eddfa25a06ba\",\"title\":\"Threats by Severity\",\"type\":\"visualization\",\"version\":\"6.1.2\"},{\"panelIndex\":\"4\",\"gridData\":{\"x\":0,\"y\":0,\"w\":3,\"h\":3,\"i\":\"4\"},\"id\":\"f420b810-fd77-11e7-be83-eddfa25a06ba\",\"title\":\"Total Traffic\",\"type\":\"visualization\",\"version\":\"6.1.2\"},{\"panelIndex\":\"9\",\"gridData\":{\"x\":6,\"y\":6,\"w\":3,\"h\":3,\"i\":\"9\"},\"id\":\"22307310-fde8-11e7-be83-eddfa25a06ba\",\"title\":\"Blocked URL Count\",\"type\":\"visualization\",\"version\":\"6.1.2\"},{\"panelIndex\":\"10\",\"gridData\":{\"x\":3,\"y\":6,\"w\":3,\"h\":3,\"i\":\"10\"},\"id\":\"31b28690-fdb9-11e7-be83-eddfa25a06ba\",\"title\":\"System Events - Severity Warning+\",\"type\":\"visualization\",\"version\":\"6.1.2\"},{\"title\":\"Threat Events - Severity Warning+\",\"panelIndex\":\"12\",\"gridData\":{\"x\":9,\"y\":6,\"w\":3,\"h\":3,\"i\":\"12\"},\"id\":\"feb4b0d0-fdfc-11e7-be83-eddfa25a06ba\",\"type\":\"visualization\",\"version\":\"6.1.2\"},{\"panelIndex\":\"13\",\"gridData\":{\"x\":0,\"y\":6,\"w\":3,\"h\":3,\"i\":\"13\"},\"id\":\"253d5860-fdfd-11e7-be83-eddfa25a06ba\",\"title\":\"Config Changes\",\"type\":\"visualization\",\"version\":\"6.1.2\"},{\"panelIndex\":\"14\",\"gridData\":{\"x\":9,\"y\":3,\"w\":3,\"h\":3,\"i\":\"14\"},\"id\":\"51481b10-fdfe-11e7-be83-eddfa25a06ba\",\"title\":\"Threats by Severity\",\"type\":\"visualization\",\"version\":\"6.1.2\"},{\"panelIndex\":\"15\",\"gridData\":{\"x\":3,\"y\":3,\"w\":3,\"h\":3,\"i\":\"15\"},\"id\":\"45646f60-fdfe-11e7-be83-eddfa25a06ba\",\"title\":\"Traffic by Application\",\"type\":\"visualization\",\"version\":\"6.1.2\"},{\"panelIndex\":\"16\",\"gridData\":{\"x\":0,\"y\":3,\"w\":3,\"h\":3,\"i\":\"16\"},\"id\":\"49987c20-fdfe-11e7-be83-eddfa25a06ba\",\"title\":\"Traffic by Source IP\",\"type\":\"visualization\",\"version\":\"6.1.2\"},{\"panelIndex\":\"17\",\"gridData\":{\"x\":6,\"y\":3,\"w\":3,\"h\":3,\"i\":\"17\"},\"id\":\"4d93ecb0-fdfe-11e7-be83-eddfa25a06ba\",\"title\":\"Blocked URLs by Category\",\"type\":\"visualization\",\"version\":\"6.1.2\"}]",
      "optionsJSON": "{\"darkTheme\":true,\"hidePanelTitles\":false,\"useMargins\":false}",
      "uiStateJSON": "{\"P-1\":{\"vis\":{\"legendOpen\":false}},\"P-2\":{\"vis\":{\"legendOpen\":false}},\"P-3\":{\"vis\":{\"legendOpen\":false}}}",
      "version": 1,
      "timeRestore": false,
      "kibanaSavedObjectMeta": {
        "searchSourceJSON": "{\"query\":{\"language\":\"lucene\",\"query\":\"\"},\"filter\":[],\"highlightAll\":true,\"version\":true}"
      }
    }
  },
  {
    "_id": "730758e0-fdec-11e7-be83-eddfa25a06ba",
    "_type": "dashboard",
    "_source": {
      "title": "Blocked URL Dashboard",
      "hits": 0,
      "description": "",
      "panelsJSON": "[{\"panelIndex\":\"1\",\"gridData\":{\"x\":9,\"y\":0,\"w\":3,\"h\":3,\"i\":\"1\"},\"id\":\"d1d807e0-fdea-11e7-be83-eddfa25a06ba\",\"title\":\"Blocked Applications by User\",\"type\":\"visualization\",\"version\":\"6.1.2\"},{\"panelIndex\":\"2\",\"gridData\":{\"x\":6,\"y\":0,\"w\":3,\"h\":3,\"i\":\"2\"},\"id\":\"22307310-fde8-11e7-be83-eddfa25a06ba\",\"title\":\"Blocked URLs\",\"type\":\"visualization\",\"version\":\"6.1.2\"},{\"panelIndex\":\"3\",\"gridData\":{\"x\":3,\"y\":0,\"w\":3,\"h\":3,\"i\":\"3\"},\"id\":\"516a2400-fde8-11e7-be83-eddfa25a06ba\",\"type\":\"visualization\",\"version\":\"6.1.2\"},{\"panelIndex\":\"4\",\"gridData\":{\"x\":0,\"y\":3,\"w\":5,\"h\":3,\"i\":\"4\"},\"id\":\"0f6f01f0-fde9-11e7-be83-eddfa25a06ba\",\"title\":\"Blocked URLs by Source IP\",\"type\":\"visualization\",\"version\":\"6.1.2\"},{\"panelIndex\":\"5\",\"gridData\":{\"x\":0,\"y\":0,\"w\":3,\"h\":3,\"i\":\"5\"},\"id\":\"77480ca0-fde8-11e7-be83-eddfa25a06ba\",\"title\":\"Blocked URLs by Category\",\"type\":\"visualization\",\"version\":\"6.1.2\"},{\"panelIndex\":\"6\",\"gridData\":{\"x\":0,\"y\":6,\"w\":5,\"h\":3,\"i\":\"6\"},\"id\":\"f679d8f0-fde8-11e7-be83-eddfa25a06ba\",\"title\":\"Blocked URLs by User\",\"type\":\"visualization\",\"version\":\"6.1.2\"},{\"panelIndex\":\"7\",\"gridData\":{\"x\":0,\"y\":9,\"w\":5,\"h\":3,\"i\":\"7\"},\"id\":\"40a28710-fde9-11e7-be83-eddfa25a06ba\",\"title\":\"Blocked URLs by Destination\",\"type\":\"visualization\",\"version\":\"6.1.2\"},{\"panelIndex\":\"9\",\"gridData\":{\"x\":5,\"y\":3,\"w\":7,\"h\":9,\"i\":\"9\"},\"version\":\"6.1.2\",\"type\":\"search\",\"id\":\"95d11900-ff73-11e7-9ac0-a903174a3c8d\"}]",
      "optionsJSON": "{\"darkTheme\":true,\"hidePanelTitles\":false,\"useMargins\":false}",
      "uiStateJSON": "{\"P-8\":{\"vis\":{\"params\":{\"sort\":{\"columnIndex\":null,\"direction\":null}}}}}",
      "version": 1,
      "timeRestore": false,
      "kibanaSavedObjectMeta": {
        "searchSourceJSON": "{\"query\":{\"language\":\"lucene\",\"query\":\"\"},\"filter\":[],\"highlightAll\":true,\"version\":true}"
      }
    }
  },
  {
    "_id": "1ffc31f0-fdbc-11e7-be83-eddfa25a06ba",
    "_type": "dashboard",
    "_source": {
      "title": "Config Dashboard",
      "hits": 0,
      "description": "",
      "panelsJSON": "[{\"panelIndex\":\"2\",\"gridData\":{\"x\":8,\"y\":0,\"w\":4,\"h\":3,\"i\":\"2\"},\"title\":\"Config Logs by Command\",\"version\":\"6.1.2\",\"type\":\"visualization\",\"id\":\"7f3d2bc0-fdb6-11e7-be83-eddfa25a06ba\"},{\"panelIndex\":\"3\",\"gridData\":{\"x\":0,\"y\":0,\"w\":8,\"h\":3,\"i\":\"3\"},\"title\":\"Config Logs by User\",\"version\":\"6.1.2\",\"type\":\"visualization\",\"id\":\"9d677dd0-fdb6-11e7-be83-eddfa25a06ba\"},{\"panelIndex\":\"4\",\"gridData\":{\"x\":0,\"y\":6,\"w\":3,\"h\":3,\"i\":\"4\"},\"title\":\"Config Changes by Panorama\",\"version\":\"6.1.2\",\"type\":\"visualization\",\"id\":\"532947b0-fdbd-11e7-be83-eddfa25a06ba\"},{\"panelIndex\":\"5\",\"gridData\":{\"x\":0,\"y\":3,\"w\":3,\"h\":3,\"i\":\"5\"},\"title\":\"Config Changes by Users\",\"version\":\"6.1.2\",\"type\":\"visualization\",\"id\":\"fb3d3160-fdbc-11e7-be83-eddfa25a06ba\"},{\"panelIndex\":\"6\",\"gridData\":{\"x\":3,\"y\":3,\"w\":9,\"h\":6,\"i\":\"6\"},\"version\":\"6.1.2\",\"type\":\"search\",\"id\":\"ee17eac0-ff79-11e7-9ac0-a903174a3c8d\"}]",
      "optionsJSON": "{\"darkTheme\":true,\"useMargins\":false,\"hidePanelTitles\":false}",
      "uiStateJSON": "{\"P-1\":{\"vis\":{\"params\":{\"sort\":{\"columnIndex\":null,\"direction\":null}}}}}",
      "version": 1,
      "timeRestore": false,
      "kibanaSavedObjectMeta": {
        "searchSourceJSON": "{\"query\":{\"query\":\"\",\"language\":\"lucene\"},\"filter\":[],\"highlightAll\":true,\"version\":true}"
      }
    }
  },
  {
    "_id": "f0dbab20-fdb7-11e7-be83-eddfa25a06ba",
    "_type": "dashboard",
    "_source": {
      "title": "System Dashboard",
      "hits": 0,
      "description": "",
      "panelsJSON": "[{\"panelIndex\":\"5\",\"gridData\":{\"x\":8,\"y\":3,\"w\":4,\"h\":3,\"i\":\"5\"},\"id\":\"81c213d0-fdb4-11e7-be83-eddfa25a06ba\",\"title\":\"System Logs by Severity\",\"type\":\"visualization\",\"version\":\"6.1.2\"},{\"panelIndex\":\"6\",\"gridData\":{\"x\":0,\"y\":3,\"w\":8,\"h\":3,\"i\":\"6\"},\"id\":\"4a9886a0-fdb4-11e7-be83-eddfa25a06ba\",\"title\":\"System Logs by Type\",\"type\":\"visualization\",\"version\":\"6.1.2\"},{\"panelIndex\":\"7\",\"gridData\":{\"x\":2,\"y\":0,\"w\":10,\"h\":3,\"i\":\"7\"},\"id\":\"52de9c60-fdb8-11e7-be83-eddfa25a06ba\",\"title\":\"Log Entries by Type\",\"type\":\"visualization\",\"version\":\"6.1.2\"},{\"panelIndex\":\"8\",\"gridData\":{\"x\":0,\"y\":0,\"w\":2,\"h\":3,\"i\":\"8\"},\"id\":\"31b28690-fdb9-11e7-be83-eddfa25a06ba\",\"title\":\"Warnings & Errors\",\"type\":\"visualization\",\"version\":\"6.1.2\"},{\"panelIndex\":\"9\",\"gridData\":{\"x\":0,\"y\":6,\"w\":12,\"h\":6,\"i\":\"9\"},\"version\":\"6.1.2\",\"type\":\"search\",\"id\":\"456f93d0-ff7b-11e7-9ac0-a903174a3c8d\"}]",
      "optionsJSON": "{\"darkTheme\":true,\"hidePanelTitles\":false,\"useMargins\":false}",
      "uiStateJSON": "{\"P-1\":{\"vis\":{\"params\":{\"sort\":{\"columnIndex\":null,\"direction\":null}}}},\"P-4\":{\"vis\":{\"params\":{\"sort\":{\"columnIndex\":4,\"direction\":\"desc\"}}}},\"P-5\":{\"vis\":{\"legendOpen\":true}},\"P-7\":{\"spy\":{\"mode\":{\"fill\":false,\"name\":null}}}}",
      "version": 1,
      "timeRestore": false,
      "kibanaSavedObjectMeta": {
        "searchSourceJSON": "{\"query\":{\"language\":\"lucene\",\"query\":\"\"},\"filter\":[],\"highlightAll\":true,\"version\":true}"
      }
    }
  },
  {
    "_id": "5c628850-fdc7-11e7-be83-eddfa25a06ba",
    "_type": "dashboard",
    "_source": {
      "title": "Threat Dashboard : Warning+",
      "hits": 0,
      "description": "",
      "panelsJSON": "[{\"panelIndex\":\"3\",\"gridData\":{\"x\":6,\"y\":0,\"w\":3,\"h\":3,\"i\":\"3\"},\"title\":\"Threats by Destination - Warning+\",\"id\":\"a14efdf0-fdc6-11e7-be83-eddfa25a06ba\",\"type\":\"visualization\",\"version\":\"6.1.2\"},{\"panelIndex\":\"4\",\"gridData\":{\"x\":6,\"y\":3,\"w\":6,\"h\":3,\"i\":\"4\"},\"title\":\"Threats by Severity - Warning+\",\"id\":\"ef9f83d0-fdc6-11e7-be83-eddfa25a06ba\",\"type\":\"visualization\",\"version\":\"6.1.2\"},{\"panelIndex\":\"5\",\"gridData\":{\"x\":9,\"y\":0,\"w\":3,\"h\":3,\"i\":\"5\"},\"title\":\"Threats by Source - Warning+\",\"id\":\"b32185c0-fdc6-11e7-be83-eddfa25a06ba\",\"type\":\"visualization\",\"version\":\"6.1.2\"},{\"panelIndex\":\"6\",\"gridData\":{\"x\":0,\"y\":3,\"w\":6,\"h\":3,\"i\":\"6\"},\"title\":\"Threats by Type - Warning+\",\"id\":\"daaaad60-fdc6-11e7-be83-eddfa25a06ba\",\"type\":\"visualization\",\"version\":\"6.1.2\"},{\"panelIndex\":\"7\",\"gridData\":{\"x\":0,\"y\":0,\"w\":6,\"h\":3,\"i\":\"7\"},\"id\":\"3ef8c0c0-fdbf-11e7-be83-eddfa25a06ba\",\"title\":\"Threats by Severity\",\"type\":\"visualization\",\"version\":\"6.1.2\"},{\"panelIndex\":\"8\",\"gridData\":{\"x\":0,\"y\":6,\"w\":12,\"h\":4,\"i\":\"8\"},\"title\":\"Threat Logs - Warning+\",\"version\":\"6.1.2\",\"type\":\"search\",\"id\":\"67d21be0-ff7c-11e7-9ac0-a903174a3c8d\"}]",
      "optionsJSON": "{\"darkTheme\":true,\"hidePanelTitles\":false,\"useMargins\":false}",
      "uiStateJSON": "{\"P-2\":{\"vis\":{\"params\":{\"sort\":{\"columnIndex\":null,\"direction\":null}}}},\"P-5\":{\"vis\":{\"legendOpen\":true}}}",
      "version": 1,
      "timeRestore": false,
      "kibanaSavedObjectMeta": {
        "searchSourceJSON": "{\"query\":{\"language\":\"lucene\",\"query\":\"\"},\"filter\":[],\"highlightAll\":true,\"version\":true}"
      }
    }
  },
  {
    "_id": "12342720-fdc2-11e7-be83-eddfa25a06ba",
    "_type": "dashboard",
    "_source": {
      "title": "Threat Dashboard",
      "hits": 0,
      "description": "",
      "panelsJSON": "[{\"gridData\":{\"h\":3,\"i\":\"3\",\"w\":6,\"x\":6,\"y\":3},\"id\":\"15f85080-fdc1-11e7-be83-eddfa25a06ba\",\"panelIndex\":\"3\",\"title\":\"Threats by Severity\",\"type\":\"visualization\",\"version\":\"6.1.2\"},{\"gridData\":{\"h\":3,\"i\":\"4\",\"w\":6,\"x\":0,\"y\":3},\"id\":\"bd2d2f60-fdc1-11e7-be83-eddfa25a06ba\",\"panelIndex\":\"4\",\"title\":\"Threats by Type\",\"type\":\"visualization\",\"version\":\"6.1.2\"},{\"gridData\":{\"h\":3,\"i\":\"6\",\"w\":6,\"x\":0,\"y\":0},\"id\":\"3ef8c0c0-fdbf-11e7-be83-eddfa25a06ba\",\"panelIndex\":\"6\",\"title\":\"Threats by Severity\",\"type\":\"visualization\",\"version\":\"6.1.2\"},{\"gridData\":{\"h\":3,\"i\":\"7\",\"w\":3,\"x\":6,\"y\":0},\"id\":\"7730faa0-fdc6-11e7-be83-eddfa25a06ba\",\"panelIndex\":\"7\",\"title\":\"Threats by Destination\",\"type\":\"visualization\",\"version\":\"6.1.2\"},{\"gridData\":{\"h\":3,\"i\":\"8\",\"w\":3,\"x\":9,\"y\":0},\"id\":\"c1060a80-fdc6-11e7-be83-eddfa25a06ba\",\"panelIndex\":\"8\",\"title\":\"Threats by Source\",\"type\":\"visualization\",\"version\":\"6.1.2\"},{\"gridData\":{\"h\":6,\"i\":\"10\",\"w\":12,\"x\":0,\"y\":6},\"id\":\"f71e5530-ff7b-11e7-9ac0-a903174a3c8d\",\"panelIndex\":\"10\",\"type\":\"search\",\"version\":\"6.1.2\"}]",
      "optionsJSON": "{\"darkTheme\":true,\"hidePanelTitles\":false,\"useMargins\":false}",
      "uiStateJSON": "{\"P-5\":{\"vis\":{\"params\":{\"sort\":{\"columnIndex\":null,\"direction\":null}}}},\"P-9\":{\"vis\":{\"params\":{\"sort\":{\"columnIndex\":null,\"direction\":null}}}}}",
      "version": 1,
      "timeRestore": false,
      "kibanaSavedObjectMeta": {
        "searchSourceJSON": "{\"query\":{\"language\":\"lucene\",\"query\":\"Threat Dashboard\"},\"filter\":[],\"highlightAll\":true,\"version\":true}"
      }
    }
  }
]