[
  {
    "_id": "Traffic-Visualization",
    "_type": "visualization",
    "_source": {
      "title": "Traffic - Zone (Area)",
      "visState": "{\"title\":\"Traffic - Zone (Area)\",\"type\":\"area\",\"params\":{\"addLegend\":true,\"addTimeMarker\":false,\"addTooltip\":true,\"categoryAxes\":[{\"id\":\"CategoryAxis-1\",\"labels\":{\"show\":true,\"truncate\":100},\"position\":\"bottom\",\"scale\":{\"type\":\"linear\"},\"show\":true,\"style\":{},\"title\":{},\"type\":\"category\"}],\"defaultYExtents\":false,\"grid\":{\"categoryLines\":false,\"style\":{\"color\":\"#eee\"}},\"interpolate\":\"linear\",\"legendPosition\":\"right\",\"mode\":\"overlap\",\"scale\":\"linear\",\"seriesParams\":[{\"data\":{\"id\":\"1\",\"label\":\"Traffic\"},\"drawLinesBetweenPoints\":true,\"interpolate\":\"linear\",\"mode\":\"stacked\",\"show\":\"true\",\"showCircles\":true,\"type\":\"area\",\"valueAxis\":\"ValueAxis-1\"}],\"setYExtents\":false,\"shareYAxis\":true,\"smoothLines\":true,\"times\":[],\"type\":\"area\",\"valueAxes\":[{\"id\":\"ValueAxis-1\",\"labels\":{\"filter\":false,\"rotate\":0,\"show\":true,\"truncate\":100},\"name\":\"LeftAxis-1\",\"position\":\"left\",\"scale\":{\"mode\":\"normal\",\"type\":\"linear\"},\"show\":true,\"style\":{},\"title\":{\"text\":\"Traffic\"},\"type\":\"value\"}],\"yAxis\":{}},\"aggs\":[{\"id\":\"1\",\"enabled\":true,\"type\":\"sum\",\"schema\":\"metric\",\"params\":{\"field\":\"Bytes\",\"customLabel\":\"Traffic\"}},{\"id\":\"2\",\"enabled\":true,\"type\":\"date_histogram\",\"schema\":\"segment\",\"params\":{\"field\":\"@timestamp\",\"interval\":\"auto\",\"customInterval\":\"2h\",\"min_doc_count\":1,\"extended_bounds\":{},\"customLabel\":\"Time\"}},{\"id\":\"3\",\"enabled\":true,\"type\":\"significant_terms\",\"schema\":\"group\",\"params\":{\"field\":\"DestinationZone.keyword\",\"size\":10,\"customLabel\":\"Destination\"}}]}",
      "uiStateJSON": "{}",
      "description": "",
      "version": 1,
      "kibanaSavedObjectMeta": {
        "searchSourceJSON": "{\"index\":\"08aca200-fe11-11e7-87f3-ebdc1353ce87\",\"query\":{\"language\":\"lucene\",\"query\":{\"query_string\":{\"analyze_wildcard\":true,\"default_field\":\"*\",\"query\":\"*\"}}},\"filter\":[]}"
      }
    }
  },
  {
    "_id": "48876da0-fd77-11e7-be83-eddfa25a06ba",
    "_type": "visualization",
    "_source": {
      "title": "Traffic - Outbound Interface (Stacked Bar)",
      "visState": "{\"title\":\"Traffic - Outbound Interface (Stacked Bar)\",\"type\":\"histogram\",\"params\":{\"addLegend\":true,\"addTimeMarker\":false,\"addTooltip\":true,\"categoryAxes\":[{\"id\":\"CategoryAxis-1\",\"labels\":{\"show\":true,\"truncate\":100},\"position\":\"bottom\",\"scale\":{\"type\":\"linear\"},\"show\":true,\"style\":{},\"title\":{},\"type\":\"category\"}],\"grid\":{\"categoryLines\":false,\"style\":{\"color\":\"#eee\"}},\"legendPosition\":\"right\",\"seriesParams\":[{\"data\":{\"id\":\"1\",\"label\":\"Traffic\"},\"drawLinesBetweenPoints\":true,\"mode\":\"stacked\",\"show\":\"true\",\"showCircles\":true,\"type\":\"histogram\",\"valueAxis\":\"ValueAxis-1\"}],\"times\":[],\"type\":\"histogram\",\"valueAxes\":[{\"id\":\"ValueAxis-1\",\"labels\":{\"filter\":false,\"rotate\":0,\"show\":true,\"truncate\":100},\"name\":\"LeftAxis-1\",\"position\":\"left\",\"scale\":{\"mode\":\"normal\",\"type\":\"linear\"},\"show\":true,\"style\":{},\"title\":{\"text\":\"Traffic\"},\"type\":\"value\"}],\"orderBucketsBySum\":true},\"aggs\":[{\"id\":\"1\",\"enabled\":true,\"type\":\"sum\",\"schema\":\"metric\",\"params\":{\"field\":\"Bytes\",\"customLabel\":\"Traffic\"}},{\"id\":\"4\",\"enabled\":true,\"type\":\"date_histogram\",\"schema\":\"segment\",\"params\":{\"field\":\"@timestamp\",\"interval\":\"auto\",\"customInterval\":\"2h\",\"min_doc_count\":1,\"extended_bounds\":{},\"customLabel\":\"Time\"}},{\"id\":\"3\",\"enabled\":true,\"type\":\"terms\",\"schema\":\"group\",\"params\":{\"field\":\"OutboundInterface.keyword\",\"size\":10,\"order\":\"desc\",\"orderBy\":\"1\",\"customLabel\":\"Interface\"}}]}",
      "uiStateJSON": "{}",
      "description": "",
      "version": 1,
      "kibanaSavedObjectMeta": {
        "searchSourceJSON": "{\"index\":\"08aca200-fe11-11e7-87f3-ebdc1353ce87\",\"filter\":[],\"query\":{\"language\":\"lucene\",\"query\":\"\"}}"
      }
    }
  },
  {
    "_id": "2e8b7470-fda2-11e7-be83-eddfa25a06ba",
    "_type": "visualization",
    "_source": {
      "title": "Traffic - Zone (Stacked Bar)",
      "visState": "{\"title\":\"Traffic - Zone (Stacked Bar)\",\"type\":\"histogram\",\"params\":{\"type\":\"histogram\",\"grid\":{\"categoryLines\":false,\"style\":{\"color\":\"#eee\"}},\"categoryAxes\":[{\"id\":\"CategoryAxis-1\",\"type\":\"category\",\"position\":\"bottom\",\"show\":true,\"style\":{},\"scale\":{\"type\":\"linear\"},\"labels\":{\"show\":true,\"truncate\":100},\"title\":{}}],\"valueAxes\":[{\"id\":\"ValueAxis-1\",\"name\":\"LeftAxis-1\",\"type\":\"value\",\"position\":\"left\",\"show\":true,\"style\":{},\"scale\":{\"type\":\"linear\",\"mode\":\"normal\"},\"labels\":{\"show\":true,\"rotate\":0,\"filter\":false,\"truncate\":100},\"title\":{\"text\":\"Traffic\"}}],\"seriesParams\":[{\"show\":\"true\",\"type\":\"histogram\",\"mode\":\"stacked\",\"data\":{\"label\":\"Traffic\",\"id\":\"1\"},\"valueAxis\":\"ValueAxis-1\",\"drawLinesBetweenPoints\":true,\"showCircles\":true}],\"addTooltip\":true,\"addLegend\":true,\"legendPosition\":\"right\",\"times\":[],\"addTimeMarker\":false},\"aggs\":[{\"id\":\"1\",\"enabled\":true,\"type\":\"sum\",\"schema\":\"metric\",\"params\":{\"field\":\"Bytes\",\"customLabel\":\"Traffic\"}},{\"id\":\"2\",\"enabled\":true,\"type\":\"date_histogram\",\"schema\":\"segment\",\"params\":{\"field\":\"@timestamp\",\"interval\":\"auto\",\"customInterval\":\"2h\",\"min_doc_count\":1,\"extended_bounds\":{},\"customLabel\":\"Time\"}},{\"id\":\"3\",\"enabled\":true,\"type\":\"terms\",\"schema\":\"group\",\"params\":{\"field\":\"DestinationZone.keyword\",\"size\":10,\"order\":\"desc\",\"orderBy\":\"1\",\"customLabel\":\"Zone\"}}]}",
      "uiStateJSON": "{}",
      "description": "",
      "version": 1,
      "kibanaSavedObjectMeta": {
        "searchSourceJSON": "{\"index\":\"08aca200-fe11-11e7-87f3-ebdc1353ce87\",\"filter\":[],\"query\":{\"query\":\"\",\"language\":\"lucene\"}}"
      }
    }
  },
  {
    "_id": "Top-10-Source-Users-slash-IP's-ampersand-Applications-(Sum-of-Bytes-Transferred)",
    "_type": "visualization",
    "_source": {
      "title": "Traffic - Source User & IP : Top 10 Significant (Table)",
      "visState": "{\"title\":\"Traffic - Source User & IP : Top 10 Significant (Table)\",\"type\":\"table\",\"params\":{\"perPage\":10,\"showMeticsAtAllLevels\":false,\"showPartialRows\":false,\"showTotal\":false,\"sort\":{\"columnIndex\":null,\"direction\":null},\"totalFunc\":\"sum\"},\"aggs\":[{\"id\":\"1\",\"enabled\":true,\"type\":\"sum\",\"schema\":\"metric\",\"params\":{\"field\":\"Bytes\",\"customLabel\":\"Traffic\"}},{\"id\":\"4\",\"enabled\":true,\"type\":\"significant_terms\",\"schema\":\"bucket\",\"params\":{\"field\":\"SourceUser.keyword\",\"size\":10,\"customLabel\":\"Source User\"}},{\"id\":\"2\",\"enabled\":true,\"type\":\"terms\",\"schema\":\"bucket\",\"params\":{\"field\":\"SourceIP.keyword\",\"size\":5,\"order\":\"desc\",\"orderBy\":\"1\",\"customLabel\":\"Source IP\"}},{\"id\":\"3\",\"enabled\":true,\"type\":\"significant_terms\",\"schema\":\"bucket\",\"params\":{\"field\":\"Application.keyword\",\"size\":1,\"customLabel\":\"Application\"}}]}",
      "uiStateJSON": "{\"vis\":{\"params\":{\"sort\":{\"columnIndex\":null,\"direction\":null}}}}",
      "description": "",
      "version": 1,
      "kibanaSavedObjectMeta": {
        "searchSourceJSON": "{\"index\":\"08aca200-fe11-11e7-87f3-ebdc1353ce87\",\"query\":{\"query\":{\"query_string\":{\"analyze_wildcard\":true,\"query\":\"*\",\"default_field\":\"*\"}},\"language\":\"lucene\"},\"filter\":[]}"
      }
    }
  },
  {
    "_id": "6e78d6e0-fd7a-11e7-be83-eddfa25a06ba",
    "_type": "visualization",
    "_source": {
      "title": "Traffic - URL Categories : Top 10 (Table)",
      "visState": "{\"title\":\"Traffic - URL Categories : Top 10 (Table)\",\"type\":\"table\",\"params\":{\"perPage\":10,\"showPartialRows\":false,\"showMeticsAtAllLevels\":false,\"sort\":{\"columnIndex\":null,\"direction\":null},\"showTotal\":true,\"totalFunc\":\"sum\"},\"aggs\":[{\"id\":\"1\",\"enabled\":true,\"type\":\"sum\",\"schema\":\"metric\",\"params\":{\"field\":\"Bytes\",\"customLabel\":\"Traffic\"}},{\"id\":\"4\",\"enabled\":true,\"type\":\"cardinality\",\"schema\":\"metric\",\"params\":{\"field\":\"SessionID.keyword\",\"customLabel\":\"Sessions\"}},{\"id\":\"3\",\"enabled\":true,\"type\":\"cardinality\",\"schema\":\"metric\",\"params\":{\"field\":\"SourceUser.keyword\",\"customLabel\":\"Users\"}},{\"id\":\"2\",\"enabled\":true,\"type\":\"terms\",\"schema\":\"bucket\",\"params\":{\"field\":\"URLCategory.keyword\",\"size\":10,\"order\":\"desc\",\"orderBy\":\"1\",\"customLabel\":\"URL Category\"}}]}",
      "uiStateJSON": "{\"vis\":{\"params\":{\"sort\":{\"columnIndex\":null,\"direction\":null}}}}",
      "description": "",
      "version": 1,
      "kibanaSavedObjectMeta": {
        "searchSourceJSON": "{\"index\":\"08aca200-fe11-11e7-87f3-ebdc1353ce87\",\"filter\":[],\"query\":{\"query\":\"\",\"language\":\"lucene\"}}"
      }
    }
  },
  {
    "_id": "Top-10-URL-Categories-(By-Count)",
    "_type": "visualization",
    "_source": {
      "title": "Traffic - URL Categories : Top 10 Significant (Pie)",
      "visState": "{\"title\":\"Traffic - URL Categories : Top 10 Significant (Pie)\",\"type\":\"pie\",\"params\":{\"addLegend\":true,\"addTooltip\":true,\"isDonut\":false,\"shareYAxis\":true,\"legendPosition\":\"right\",\"type\":\"pie\",\"labels\":{\"show\":false,\"values\":true,\"last_level\":true,\"truncate\":100}},\"aggs\":[{\"id\":\"1\",\"enabled\":true,\"type\":\"sum\",\"schema\":\"metric\",\"params\":{\"field\":\"Bytes\",\"customLabel\":\"Traffic\"}},{\"id\":\"2\",\"enabled\":true,\"type\":\"significant_terms\",\"schema\":\"segment\",\"params\":{\"field\":\"URLCategory.keyword\",\"size\":10,\"exclude\":{\"pattern\":\"\"},\"customLabel\":\"URL Category\"}}]}",
      "uiStateJSON": "{}",
      "description": "",
      "version": 1,
      "kibanaSavedObjectMeta": {
        "searchSourceJSON": "{\"index\":\"08aca200-fe11-11e7-87f3-ebdc1353ce87\",\"query\":{\"query\":{\"query_string\":{\"analyze_wildcard\":true,\"query\":\"*\",\"default_field\":\"*\"}},\"language\":\"lucene\"},\"filter\":[]}"
      }
    }
  },
  {
    "_id": "45646f60-fdfe-11e7-be83-eddfa25a06ba",
    "_type": "visualization",
    "_source": {
      "title": "Traffic - Applications : Top 10 Significant (Donut)",
      "visState": "{\"title\":\"Traffic - Applications : Top 10 Significant (Donut)\",\"type\":\"pie\",\"params\":{\"shareYAxis\":true,\"addTooltip\":true,\"addLegend\":true,\"isDonut\":true,\"legendPosition\":\"right\",\"type\":\"pie\",\"labels\":{\"show\":false,\"values\":true,\"last_level\":true,\"truncate\":100}},\"aggs\":[{\"id\":\"1\",\"enabled\":true,\"type\":\"sum\",\"schema\":\"metric\",\"params\":{\"field\":\"Bytes\",\"customLabel\":\"Traffic\"}},{\"id\":\"2\",\"enabled\":true,\"type\":\"significant_terms\",\"schema\":\"segment\",\"params\":{\"field\":\"Application.keyword\",\"size\":10,\"customLabel\":\"Application\"}}]}",
      "uiStateJSON": "{\"spy\":{\"mode\":{\"fill\":false,\"name\":null}}}",
      "description": "",
      "version": 1,
      "kibanaSavedObjectMeta": {
        "searchSourceJSON": "{\"index\":\"08aca200-fe11-11e7-87f3-ebdc1353ce87\",\"query\":{\"language\":\"lucene\",\"query\":{\"query_string\":{\"analyze_wildcard\":true,\"query\":\"*\",\"default_field\":\"*\"}}},\"filter\":[]}"
      }
    }
  },
  {
    "_id": "49987c20-fdfe-11e7-be83-eddfa25a06ba",
    "_type": "visualization",
    "_source": {
      "title": "Traffic - Source IP (Donut)",
      "visState": "{\"title\":\"Traffic - Source IP (Donut)\",\"type\":\"pie\",\"params\":{\"type\":\"pie\",\"addTooltip\":true,\"addLegend\":true,\"legendPosition\":\"right\",\"isDonut\":true,\"labels\":{\"show\":false,\"values\":true,\"last_level\":true,\"truncate\":100}},\"aggs\":[{\"id\":\"1\",\"enabled\":true,\"type\":\"sum\",\"schema\":\"metric\",\"params\":{\"field\":\"Bytes\",\"customLabel\":\"Traffic\"}},{\"id\":\"2\",\"enabled\":true,\"type\":\"terms\",\"schema\":\"segment\",\"params\":{\"field\":\"SourceIP.keyword\",\"size\":10,\"order\":\"desc\",\"orderBy\":\"1\",\"customLabel\":\"Source IP\"}}]}",
      "uiStateJSON": "{}",
      "description": "",
      "version": 1,
      "kibanaSavedObjectMeta": {
        "searchSourceJSON": "{\"index\":\"08aca200-fe11-11e7-87f3-ebdc1353ce87\",\"filter\":[],\"query\":{\"query\":\"\",\"language\":\"lucene\"}}"
      }
    }
  },
  {
    "_id": "22637cb0-fdb6-11e7-be83-eddfa25a06ba",
    "_type": "visualization",
    "_source": {
      "title": "Config - All (Table)",
      "visState": "{\"title\":\"Config - All (Table)\",\"type\":\"table\",\"params\":{\"perPage\":10,\"showPartialRows\":false,\"showMeticsAtAllLevels\":false,\"sort\":{\"columnIndex\":null,\"direction\":null},\"showTotal\":false,\"totalFunc\":\"sum\"},\"aggs\":[{\"id\":\"1\",\"enabled\":true,\"type\":\"max\",\"schema\":\"metric\",\"params\":{\"field\":\"@timestamp\",\"customLabel\":\"Timestamp\"}},{\"id\":\"2\",\"enabled\":true,\"type\":\"terms\",\"schema\":\"bucket\",\"params\":{\"field\":\"Device Group Hierarchy Level 4.keyword\",\"size\":50,\"order\":\"desc\",\"orderBy\":\"1\",\"customLabel\":\"Device\"}},{\"id\":\"4\",\"enabled\":true,\"type\":\"terms\",\"schema\":\"bucket\",\"params\":{\"field\":\"Admin.keyword\",\"size\":1,\"order\":\"desc\",\"orderBy\":\"1\",\"customLabel\":\"User\"}},{\"id\":\"5\",\"enabled\":true,\"type\":\"terms\",\"schema\":\"bucket\",\"params\":{\"field\":\"Host.keyword\",\"size\":10,\"order\":\"desc\",\"orderBy\":\"1\",\"customLabel\":\"From\"}},{\"id\":\"3\",\"enabled\":true,\"type\":\"terms\",\"schema\":\"bucket\",\"params\":{\"field\":\"Client.keyword\",\"size\":10,\"order\":\"desc\",\"orderBy\":\"1\",\"customLabel\":\"Client\"}},{\"id\":\"6\",\"enabled\":true,\"type\":\"terms\",\"schema\":\"bucket\",\"params\":{\"field\":\"Command.keyword\",\"size\":10,\"order\":\"desc\",\"orderBy\":\"1\",\"customLabel\":\"Command\"}},{\"id\":\"7\",\"enabled\":true,\"type\":\"terms\",\"schema\":\"bucket\",\"params\":{\"field\":\"severity_label.keyword\",\"size\":10,\"order\":\"desc\",\"orderBy\":\"1\",\"customLabel\":\"Severity\"}},{\"id\":\"8\",\"enabled\":true,\"type\":\"terms\",\"schema\":\"bucket\",\"params\":{\"field\":\"Result.keyword\",\"size\":10,\"order\":\"desc\",\"orderBy\":\"1\",\"customLabel\":\"Result\"}}]}",
      "uiStateJSON": "{\"vis\":{\"params\":{\"sort\":{\"columnIndex\":null,\"direction\":null}}}}",
      "description": "",
      "version": 1,
      "kibanaSavedObjectMeta": {
        "searchSourceJSON": "{\"index\":\"2b4d12e0-fe11-11e7-87f3-ebdc1353ce87\",\"filter\":[],\"query\":{\"query\":\"\",\"language\":\"lucene\"}}"
      }
    }
  },
  {
    "_id": "9d677dd0-fdb6-11e7-be83-eddfa25a06ba",
    "_type": "visualization",
    "_source": {
      "title": "Config - All by User (Stacked Bar)",
      "visState": "{\"title\":\"Config - All by User (Stacked Bar)\",\"type\":\"histogram\",\"params\":{\"type\":\"histogram\",\"grid\":{\"categoryLines\":false,\"style\":{\"color\":\"#eee\"}},\"categoryAxes\":[{\"id\":\"CategoryAxis-1\",\"type\":\"category\",\"position\":\"bottom\",\"show\":true,\"style\":{},\"scale\":{\"type\":\"linear\"},\"labels\":{\"show\":true,\"truncate\":100},\"title\":{}}],\"valueAxes\":[{\"id\":\"ValueAxis-1\",\"name\":\"LeftAxis-1\",\"type\":\"value\",\"position\":\"left\",\"show\":true,\"style\":{},\"scale\":{\"type\":\"linear\",\"mode\":\"normal\"},\"labels\":{\"show\":true,\"rotate\":0,\"filter\":false,\"truncate\":100},\"title\":{\"text\":\"Events\"}}],\"seriesParams\":[{\"show\":\"true\",\"type\":\"histogram\",\"mode\":\"stacked\",\"data\":{\"label\":\"Events\",\"id\":\"1\"},\"valueAxis\":\"ValueAxis-1\",\"drawLinesBetweenPoints\":true,\"showCircles\":true}],\"addTooltip\":true,\"addLegend\":true,\"legendPosition\":\"right\",\"times\":[],\"addTimeMarker\":false},\"aggs\":[{\"id\":\"1\",\"enabled\":true,\"type\":\"count\",\"schema\":\"metric\",\"params\":{\"customLabel\":\"Events\"}},{\"id\":\"2\",\"enabled\":true,\"type\":\"date_histogram\",\"schema\":\"segment\",\"params\":{\"field\":\"@timestamp\",\"interval\":\"auto\",\"customInterval\":\"2h\",\"min_doc_count\":1,\"extended_bounds\":{},\"customLabel\":\"Time\"}},{\"id\":\"3\",\"enabled\":true,\"type\":\"terms\",\"schema\":\"group\",\"params\":{\"field\":\"Admin.keyword\",\"size\":10,\"order\":\"desc\",\"orderBy\":\"1\",\"customLabel\":\"User\"}}]}",
      "uiStateJSON": "{}",
      "description": "",
      "version": 1,
      "kibanaSavedObjectMeta": {
        "searchSourceJSON": "{\"index\":\"2b4d12e0-fe11-11e7-87f3-ebdc1353ce87\",\"filter\":[],\"query\":{\"query\":\"\",\"language\":\"lucene\"}}"
      }
    }
  },
  {
    "_id": "7f3d2bc0-fdb6-11e7-be83-eddfa25a06ba",
    "_type": "visualization",
    "_source": {
      "title": "Config - All by Command (Stacked Bar)",
      "visState": "{\"title\":\"Config - All by Command (Stacked Bar)\",\"type\":\"histogram\",\"params\":{\"type\":\"histogram\",\"grid\":{\"categoryLines\":false,\"style\":{\"color\":\"#eee\"}},\"categoryAxes\":[{\"id\":\"CategoryAxis-1\",\"type\":\"category\",\"position\":\"bottom\",\"show\":true,\"style\":{},\"scale\":{\"type\":\"linear\"},\"labels\":{\"show\":true,\"truncate\":100},\"title\":{}}],\"valueAxes\":[{\"id\":\"ValueAxis-1\",\"name\":\"LeftAxis-1\",\"type\":\"value\",\"position\":\"left\",\"show\":true,\"style\":{},\"scale\":{\"type\":\"linear\",\"mode\":\"normal\"},\"labels\":{\"show\":true,\"rotate\":0,\"filter\":false,\"truncate\":100},\"title\":{\"text\":\"Count\"}}],\"seriesParams\":[{\"show\":\"true\",\"type\":\"histogram\",\"mode\":\"stacked\",\"data\":{\"label\":\"Count\",\"id\":\"1\"},\"valueAxis\":\"ValueAxis-1\",\"drawLinesBetweenPoints\":true,\"showCircles\":true}],\"addTooltip\":true,\"addLegend\":true,\"legendPosition\":\"right\",\"times\":[],\"addTimeMarker\":false},\"aggs\":[{\"id\":\"1\",\"enabled\":true,\"type\":\"count\",\"schema\":\"metric\",\"params\":{}},{\"id\":\"2\",\"enabled\":true,\"type\":\"date_histogram\",\"schema\":\"segment\",\"params\":{\"field\":\"@timestamp\",\"interval\":\"auto\",\"customInterval\":\"2h\",\"min_doc_count\":1,\"extended_bounds\":{},\"customLabel\":\"Time\"}},{\"id\":\"3\",\"enabled\":true,\"type\":\"terms\",\"schema\":\"group\",\"params\":{\"field\":\"Command.keyword\",\"size\":10,\"order\":\"desc\",\"orderBy\":\"1\",\"customLabel\":\"Command\"}}]}",
      "uiStateJSON": "{}",
      "description": "",
      "version": 1,
      "kibanaSavedObjectMeta": {
        "searchSourceJSON": "{\"index\":\"2b4d12e0-fe11-11e7-87f3-ebdc1353ce87\",\"filter\":[],\"query\":{\"query\":\"\",\"language\":\"lucene\"}}"
      }
    }
  },
  {
    "_id": "4f8f21e0-fd79-11e7-be83-eddfa25a06ba",
    "_type": "visualization",
    "_source": {
      "title": "Traffic - Application (Stacked Bar)",
      "visState": "{\"title\":\"Traffic - Application (Stacked Bar)\",\"type\":\"histogram\",\"params\":{\"type\":\"histogram\",\"grid\":{\"categoryLines\":false,\"style\":{\"color\":\"#eee\"}},\"categoryAxes\":[{\"id\":\"CategoryAxis-1\",\"type\":\"category\",\"position\":\"bottom\",\"show\":true,\"style\":{},\"scale\":{\"type\":\"linear\"},\"labels\":{\"show\":true,\"truncate\":100},\"title\":{}}],\"valueAxes\":[{\"id\":\"ValueAxis-1\",\"name\":\"LeftAxis-1\",\"type\":\"value\",\"position\":\"left\",\"show\":true,\"style\":{},\"scale\":{\"type\":\"linear\",\"mode\":\"normal\"},\"labels\":{\"show\":true,\"rotate\":0,\"filter\":false,\"truncate\":100},\"title\":{\"text\":\"Traffic\"}}],\"seriesParams\":[{\"show\":\"true\",\"type\":\"histogram\",\"mode\":\"stacked\",\"data\":{\"label\":\"Traffic\",\"id\":\"1\"},\"valueAxis\":\"ValueAxis-1\",\"drawLinesBetweenPoints\":true,\"showCircles\":true}],\"addTooltip\":true,\"addLegend\":true,\"legendPosition\":\"right\",\"times\":[],\"addTimeMarker\":false},\"aggs\":[{\"id\":\"1\",\"enabled\":true,\"type\":\"sum\",\"schema\":\"metric\",\"params\":{\"field\":\"Bytes\",\"customLabel\":\"Traffic\"}},{\"id\":\"2\",\"enabled\":true,\"type\":\"date_histogram\",\"schema\":\"segment\",\"params\":{\"field\":\"@timestamp\",\"interval\":\"auto\",\"customInterval\":\"2h\",\"min_doc_count\":1,\"extended_bounds\":{},\"customLabel\":\"Time\"}},{\"id\":\"3\",\"enabled\":true,\"type\":\"terms\",\"schema\":\"group\",\"params\":{\"field\":\"Application.keyword\",\"size\":10,\"order\":\"desc\",\"orderBy\":\"1\",\"customLabel\":\"Application\"}}]}",
      "uiStateJSON": "{}",
      "description": "",
      "version": 1,
      "kibanaSavedObjectMeta": {
        "searchSourceJSON": "{\"index\":\"08aca200-fe11-11e7-87f3-ebdc1353ce87\",\"filter\":[],\"query\":{\"query\":\"\",\"language\":\"lucene\"}}"
      }
    }
  },
  {
    "_id": "1f369540-fd3e-11e7-be83-eddfa25a06ba",
    "_type": "visualization",
    "_source": {
      "title": "Traffic - All (Bar)",
      "visState": "{\"title\":\"Traffic - All (Bar)\",\"type\":\"histogram\",\"params\":{\"type\":\"histogram\",\"grid\":{\"categoryLines\":false,\"style\":{\"color\":\"#eee\"},\"valueAxis\":null},\"categoryAxes\":[{\"id\":\"CategoryAxis-1\",\"type\":\"category\",\"position\":\"bottom\",\"show\":true,\"style\":{},\"scale\":{\"type\":\"linear\"},\"labels\":{\"show\":true,\"truncate\":100},\"title\":{}}],\"valueAxes\":[{\"id\":\"ValueAxis-1\",\"name\":\"LeftAxis-1\",\"type\":\"value\",\"position\":\"left\",\"show\":true,\"style\":{},\"scale\":{\"type\":\"linear\",\"mode\":\"normal\"},\"labels\":{\"show\":true,\"rotate\":0,\"filter\":false,\"truncate\":100},\"title\":{\"text\":\"Traffic\"}}],\"seriesParams\":[{\"show\":\"true\",\"type\":\"histogram\",\"mode\":\"stacked\",\"data\":{\"label\":\"Traffic\",\"id\":\"1\"},\"valueAxis\":\"ValueAxis-1\",\"drawLinesBetweenPoints\":true,\"showCircles\":true}],\"addTooltip\":true,\"addLegend\":true,\"legendPosition\":\"right\",\"times\":[],\"addTimeMarker\":false},\"aggs\":[{\"id\":\"1\",\"enabled\":true,\"type\":\"sum\",\"schema\":\"metric\",\"params\":{\"field\":\"Bytes\",\"customLabel\":\"Traffic\"}},{\"id\":\"2\",\"enabled\":true,\"type\":\"date_histogram\",\"schema\":\"segment\",\"params\":{\"field\":\"@timestamp\",\"interval\":\"auto\",\"customInterval\":\"2h\",\"min_doc_count\":1,\"extended_bounds\":{},\"customLabel\":\"Time\"}}]}",
      "uiStateJSON": "{}",
      "description": "",
      "version": 1,
      "kibanaSavedObjectMeta": {
        "searchSourceJSON": "{\"index\":\"08aca200-fe11-11e7-87f3-ebdc1353ce87\",\"filter\":[],\"query\":{\"query\":\"\",\"language\":\"lucene\"}}"
      }
    }
  },
  {
    "_id": "Top-10-Applications-(Sum-of-Bytes-Transferred)",
    "_type": "visualization",
    "_source": {
      "title": "Traffic - Applications : Top 10 Significant (Pie)",
      "visState": "{\"title\":\"Traffic - Applications : Top 10 Significant (Pie)\",\"type\":\"pie\",\"params\":{\"shareYAxis\":true,\"addTooltip\":true,\"addLegend\":true,\"isDonut\":false,\"legendPosition\":\"right\",\"type\":\"pie\",\"labels\":{\"show\":false,\"values\":true,\"last_level\":true,\"truncate\":100}},\"aggs\":[{\"id\":\"1\",\"enabled\":true,\"type\":\"sum\",\"schema\":\"metric\",\"params\":{\"field\":\"Bytes\",\"customLabel\":\"Traffic\"}},{\"id\":\"2\",\"enabled\":true,\"type\":\"significant_terms\",\"schema\":\"segment\",\"params\":{\"field\":\"Application.keyword\",\"size\":10,\"customLabel\":\"Application\"}}]}",
      "uiStateJSON": "{\"spy\":{\"mode\":{\"fill\":false,\"name\":null}}}",
      "description": "",
      "version": 1,
      "kibanaSavedObjectMeta": {
        "searchSourceJSON": "{\"index\":\"08aca200-fe11-11e7-87f3-ebdc1353ce87\",\"query\":{\"language\":\"lucene\",\"query\":{\"query_string\":{\"analyze_wildcard\":true,\"query\":\"*\",\"default_field\":\"*\"}}},\"filter\":[]}"
      }
    }
  },
  {
    "_id": "a83b53e0-fd79-11e7-be83-eddfa25a06ba",
    "_type": "visualization",
    "_source": {
      "title": "Traffic - Applications : Top 10 (Table)",
      "visState": "{\"title\":\"Traffic - Applications : Top 10 (Table)\",\"type\":\"table\",\"params\":{\"perPage\":10,\"showPartialRows\":false,\"showMeticsAtAllLevels\":false,\"sort\":{\"columnIndex\":null,\"direction\":null},\"showTotal\":true,\"totalFunc\":\"sum\"},\"aggs\":[{\"id\":\"1\",\"enabled\":true,\"type\":\"sum\",\"schema\":\"metric\",\"params\":{\"field\":\"Bytes\",\"customLabel\":\"Traffic\"}},{\"id\":\"4\",\"enabled\":true,\"type\":\"cardinality\",\"schema\":\"metric\",\"params\":{\"field\":\"SessionID.keyword\",\"customLabel\":\"Sessions\"}},{\"id\":\"3\",\"enabled\":true,\"type\":\"cardinality\",\"schema\":\"metric\",\"params\":{\"field\":\"SourceUser.keyword\",\"customLabel\":\"Users\"}},{\"id\":\"2\",\"enabled\":true,\"type\":\"terms\",\"schema\":\"bucket\",\"params\":{\"field\":\"Application.keyword\",\"size\":10,\"order\":\"desc\",\"orderBy\":\"1\",\"customLabel\":\"Application\"}}]}",
      "uiStateJSON": "{\"vis\":{\"params\":{\"sort\":{\"columnIndex\":null,\"direction\":null}}}}",
      "description": "",
      "version": 1,
      "kibanaSavedObjectMeta": {
        "searchSourceJSON": "{\"index\":\"08aca200-fe11-11e7-87f3-ebdc1353ce87\",\"filter\":[],\"query\":{\"query\":\"\",\"language\":\"lucene\"}}"
      }
    }
  },
  {
    "_id": "f420b810-fd77-11e7-be83-eddfa25a06ba",
    "_type": "visualization",
    "_source": {
      "title": "Traffic - All (Metric)",
      "visState": "{\"title\":\"Traffic - All (Metric)\",\"type\":\"metric\",\"params\":{\"addLegend\":false,\"addTooltip\":true,\"metric\":{\"colorSchema\":\"Green to Red\",\"colorsRange\":[{\"from\":0,\"to\":10000}],\"invertColors\":false,\"labels\":{\"show\":true},\"metricColorMode\":\"None\",\"percentageMode\":false,\"style\":{\"bgColor\":false,\"bgFill\":\"#000\",\"fontSize\":60,\"labelColor\":false,\"subText\":\"\"},\"useRanges\":false},\"type\":\"metric\"},\"aggs\":[{\"id\":\"1\",\"enabled\":true,\"type\":\"sum\",\"schema\":\"metric\",\"params\":{\"field\":\"Bytes\",\"customLabel\":\"Total Network Traffic\"}}]}",
      "uiStateJSON": "{}",
      "description": "",
      "version": 1,
      "kibanaSavedObjectMeta": {
        "searchSourceJSON": "{\"index\":\"08aca200-fe11-11e7-87f3-ebdc1353ce87\",\"filter\":[],\"query\":{\"language\":\"lucene\",\"query\":\"\"}}"
      }
    }
  },
  {
    "_id": "0adfdc50-fd7a-11e7-be83-eddfa25a06ba",
    "_type": "visualization",
    "_source": {
      "title": "Traffic - Applications : Top 10 (Pie)",
      "visState": "{\"title\":\"Traffic - Applications : Top 10 (Pie)\",\"type\":\"pie\",\"params\":{\"type\":\"pie\",\"addTooltip\":true,\"addLegend\":true,\"legendPosition\":\"right\",\"isDonut\":false,\"labels\":{\"show\":false,\"values\":true,\"last_level\":true,\"truncate\":100}},\"aggs\":[{\"id\":\"1\",\"enabled\":true,\"type\":\"sum\",\"schema\":\"metric\",\"params\":{\"field\":\"Bytes\",\"customLabel\":\"Traffic\"}},{\"id\":\"2\",\"enabled\":true,\"type\":\"terms\",\"schema\":\"segment\",\"params\":{\"field\":\"Application.keyword\",\"size\":10,\"order\":\"desc\",\"orderBy\":\"1\",\"customLabel\":\"Application\"}}]}",
      "uiStateJSON": "{}",
      "description": "",
      "version": 1,
      "kibanaSavedObjectMeta": {
        "searchSourceJSON": "{\"index\":\"08aca200-fe11-11e7-87f3-ebdc1353ce87\",\"filter\":[],\"query\":{\"query\":\"\",\"language\":\"lucene\"}}"
      }
    }
  },
  {
    "_id": "fb3d3160-fdbc-11e7-be83-eddfa25a06ba",
    "_type": "visualization",
    "_source": {
      "title": "Config - All : Not Panorama (Metric)",
      "visState": "{\"title\":\"Config - All : Not Panorama (Metric)\",\"type\":\"metric\",\"params\":{\"addTooltip\":true,\"addLegend\":false,\"type\":\"metric\",\"metric\":{\"percentageMode\":false,\"useRanges\":false,\"colorSchema\":\"Green to Red\",\"metricColorMode\":\"None\",\"colorsRange\":[{\"from\":0,\"to\":10000}],\"labels\":{\"show\":true},\"invertColors\":false,\"style\":{\"bgFill\":\"#000\",\"bgColor\":false,\"labelColor\":false,\"subText\":\"\",\"fontSize\":60}}},\"aggs\":[{\"id\":\"1\",\"enabled\":true,\"type\":\"count\",\"schema\":\"metric\",\"params\":{\"customLabel\":\"Events\"}}]}",
      "uiStateJSON": "{}",
      "description": "",
      "version": 1,
      "kibanaSavedObjectMeta": {
        "searchSourceJSON": "{\"index\":\"2b4d12e0-fe11-11e7-87f3-ebdc1353ce87\",\"filter\":[],\"query\":{\"query\":\"NOT admin:panorama*\",\"language\":\"lucene\"}}"
      }
    }
  },
  {
    "_id": "532947b0-fdbd-11e7-be83-eddfa25a06ba",
    "_type": "visualization",
    "_source": {
      "title": "Config - All : Panorama (Metric)",
      "visState": "{\"title\":\"Config - All : Panorama (Metric)\",\"type\":\"metric\",\"params\":{\"addTooltip\":true,\"addLegend\":false,\"type\":\"metric\",\"metric\":{\"percentageMode\":false,\"useRanges\":false,\"colorSchema\":\"Blues\",\"metricColorMode\":\"Labels\",\"colorsRange\":[{\"from\":0,\"to\":0},{\"from\":1,\"to\":999999}],\"labels\":{\"show\":true},\"invertColors\":true,\"style\":{\"bgFill\":\"#000\",\"bgColor\":false,\"labelColor\":true,\"subText\":\"\",\"fontSize\":60}}},\"aggs\":[{\"id\":\"1\",\"enabled\":true,\"type\":\"count\",\"schema\":\"metric\",\"params\":{\"customLabel\":\"Events\"}}]}",
      "uiStateJSON": "{}",
      "description": "",
      "version": 1,
      "kibanaSavedObjectMeta": {
        "searchSourceJSON": "{\"index\":\"2b4d12e0-fe11-11e7-87f3-ebdc1353ce87\",\"filter\":[],\"query\":{\"query\":\"admin:panorama*\",\"language\":\"lucene\"}}"
      }
    }
  },
  {
    "_id": "253d5860-fdfd-11e7-be83-eddfa25a06ba",
    "_type": "visualization",
    "_source": {
      "title": "Config - All (Metric)",
      "visState": "{\"title\":\"Config - All (Metric)\",\"type\":\"metric\",\"params\":{\"addTooltip\":true,\"addLegend\":false,\"type\":\"metric\",\"metric\":{\"percentageMode\":false,\"useRanges\":false,\"colorSchema\":\"Blues\",\"metricColorMode\":\"Labels\",\"colorsRange\":[{\"from\":0,\"to\":0}],\"labels\":{\"show\":true},\"invertColors\":true,\"style\":{\"bgFill\":\"#000\",\"bgColor\":false,\"labelColor\":true,\"subText\":\"\",\"fontSize\":60}}},\"aggs\":[{\"id\":\"1\",\"enabled\":true,\"type\":\"count\",\"schema\":\"metric\",\"params\":{\"customLabel\":\"Events\"}}]}",
      "uiStateJSON": "{}",
      "description": "",
      "version": 1,
      "kibanaSavedObjectMeta": {
        "searchSourceJSON": "{\"index\":\"2b4d12e0-fe11-11e7-87f3-ebdc1353ce87\",\"filter\":[],\"query\":{\"query\":\"\",\"language\":\"lucene\"}}"
      }
    }
  },
  {
    "_id": "4a9886a0-fdb4-11e7-be83-eddfa25a06ba",
    "_type": "visualization",
    "_source": {
      "title": "System - All by Type (Stacked Bar)",
      "visState": "{\"title\":\"System - All by Type (Stacked Bar)\",\"type\":\"histogram\",\"params\":{\"type\":\"histogram\",\"grid\":{\"categoryLines\":false,\"style\":{\"color\":\"#eee\"}},\"categoryAxes\":[{\"id\":\"CategoryAxis-1\",\"type\":\"category\",\"position\":\"bottom\",\"show\":true,\"style\":{},\"scale\":{\"type\":\"linear\"},\"labels\":{\"show\":true,\"truncate\":100},\"title\":{}}],\"valueAxes\":[{\"id\":\"ValueAxis-1\",\"name\":\"LeftAxis-1\",\"type\":\"value\",\"position\":\"left\",\"show\":true,\"style\":{},\"scale\":{\"type\":\"linear\",\"mode\":\"normal\"},\"labels\":{\"show\":true,\"rotate\":0,\"filter\":false,\"truncate\":100},\"title\":{\"text\":\"Events\"}}],\"seriesParams\":[{\"show\":\"true\",\"type\":\"histogram\",\"mode\":\"stacked\",\"data\":{\"label\":\"Events\",\"id\":\"1\"},\"valueAxis\":\"ValueAxis-1\",\"drawLinesBetweenPoints\":true,\"showCircles\":true}],\"addTooltip\":true,\"addLegend\":true,\"legendPosition\":\"right\",\"times\":[],\"addTimeMarker\":false},\"aggs\":[{\"id\":\"1\",\"enabled\":true,\"type\":\"count\",\"schema\":\"metric\",\"params\":{\"customLabel\":\"Events\"}},{\"id\":\"2\",\"enabled\":true,\"type\":\"date_histogram\",\"schema\":\"segment\",\"params\":{\"field\":\"@timestamp\",\"interval\":\"auto\",\"customInterval\":\"2h\",\"min_doc_count\":1,\"extended_bounds\":{},\"customLabel\":\"Time\"}},{\"id\":\"3\",\"enabled\":true,\"type\":\"terms\",\"schema\":\"group\",\"params\":{\"field\":\"Content/Threat Type.keyword\",\"size\":10,\"order\":\"desc\",\"orderBy\":\"1\",\"customLabel\":\"Type\"}}]}",
      "uiStateJSON": "{}",
      "description": "",
      "version": 1,
      "kibanaSavedObjectMeta": {
        "searchSourceJSON": "{\"index\":\"22c7ad60-fe11-11e7-87f3-ebdc1353ce87\",\"filter\":[],\"query\":{\"language\":\"lucene\",\"query\":\"\"}}"
      }
    }
  },
  {
    "_id": "81c213d0-fdb4-11e7-be83-eddfa25a06ba",
    "_type": "visualization",
    "_source": {
      "title": "System - All by Severity (Stacked Bar)",
      "visState": "{\"title\":\"System - All by Severity (Stacked Bar)\",\"type\":\"histogram\",\"params\":{\"type\":\"histogram\",\"grid\":{\"categoryLines\":false,\"style\":{\"color\":\"#eee\"}},\"categoryAxes\":[{\"id\":\"CategoryAxis-1\",\"type\":\"category\",\"position\":\"bottom\",\"show\":true,\"style\":{},\"scale\":{\"type\":\"linear\"},\"labels\":{\"show\":true,\"truncate\":100},\"title\":{}}],\"valueAxes\":[{\"id\":\"ValueAxis-1\",\"name\":\"LeftAxis-1\",\"type\":\"value\",\"position\":\"left\",\"show\":true,\"style\":{},\"scale\":{\"type\":\"linear\",\"mode\":\"normal\"},\"labels\":{\"show\":true,\"rotate\":0,\"filter\":false,\"truncate\":100},\"title\":{\"text\":\"Events\"}}],\"seriesParams\":[{\"show\":\"true\",\"type\":\"histogram\",\"mode\":\"stacked\",\"data\":{\"label\":\"Events\",\"id\":\"1\"},\"valueAxis\":\"ValueAxis-1\",\"drawLinesBetweenPoints\":true,\"showCircles\":true}],\"addTooltip\":true,\"addLegend\":true,\"legendPosition\":\"right\",\"times\":[],\"addTimeMarker\":false},\"aggs\":[{\"id\":\"1\",\"enabled\":true,\"type\":\"count\",\"schema\":\"metric\",\"params\":{\"customLabel\":\"Events\"}},{\"id\":\"2\",\"enabled\":true,\"type\":\"date_histogram\",\"schema\":\"segment\",\"params\":{\"field\":\"@timestamp\",\"interval\":\"auto\",\"customInterval\":\"2h\",\"min_doc_count\":1,\"extended_bounds\":{},\"customLabel\":\"Time\"}},{\"id\":\"3\",\"enabled\":true,\"type\":\"terms\",\"schema\":\"group\",\"params\":{\"field\":\"severity_label.keyword\",\"size\":10,\"order\":\"desc\",\"orderBy\":\"1\",\"customLabel\":\"Severity\"}}]}",
      "uiStateJSON": "{}",
      "description": "",
      "version": 1,
      "kibanaSavedObjectMeta": {
        "searchSourceJSON": "{\"index\":\"22c7ad60-fe11-11e7-87f3-ebdc1353ce87\",\"filter\":[],\"query\":{\"query\":\"\",\"language\":\"lucene\"}}"
      }
    }
  },
  {
    "_id": "19186820-fdb4-11e7-be83-eddfa25a06ba",
    "_type": "visualization",
    "_source": {
      "title": "System - All (Table)",
      "visState": "{\"title\":\"System - All (Table)\",\"type\":\"table\",\"params\":{\"perPage\":10,\"showPartialRows\":false,\"showMeticsAtAllLevels\":false,\"sort\":{\"columnIndex\":null,\"direction\":null},\"showTotal\":false,\"totalFunc\":\"sum\"},\"aggs\":[{\"id\":\"1\",\"enabled\":true,\"type\":\"max\",\"schema\":\"metric\",\"params\":{\"field\":\"@timestamp\",\"customLabel\":\"Timestamp\"}},{\"id\":\"5\",\"enabled\":true,\"type\":\"terms\",\"schema\":\"bucket\",\"params\":{\"field\":\"Device Name.keyword\",\"size\":1,\"order\":\"desc\",\"orderBy\":\"1\",\"customLabel\":\"Device\"}},{\"id\":\"2\",\"enabled\":true,\"type\":\"terms\",\"schema\":\"bucket\",\"params\":{\"field\":\"Description.keyword\",\"size\":50,\"order\":\"desc\",\"orderBy\":\"1\",\"customLabel\":\"Description\"}},{\"id\":\"3\",\"enabled\":true,\"type\":\"terms\",\"schema\":\"bucket\",\"params\":{\"field\":\"Content/Threat Type.keyword\",\"size\":1,\"order\":\"desc\",\"orderBy\":\"1\",\"customLabel\":\"Type\"}},{\"id\":\"4\",\"enabled\":true,\"type\":\"terms\",\"schema\":\"bucket\",\"params\":{\"field\":\"Severity.keyword\",\"size\":1,\"order\":\"desc\",\"orderBy\":\"1\",\"customLabel\":\"Severity\"}}]}",
      "uiStateJSON": "{\"vis\":{\"params\":{\"sort\":{\"columnIndex\":null,\"direction\":null}}}}",
      "description": "",
      "version": 1,
      "kibanaSavedObjectMeta": {
        "searchSourceJSON": "{\"index\":\"22c7ad60-fe11-11e7-87f3-ebdc1353ce87\",\"filter\":[],\"query\":{\"query\":\"\",\"language\":\"lucene\"}}"
      }
    }
  },
  {
    "_id": "c3f37800-fd7a-11e7-be83-eddfa25a06ba",
    "_type": "visualization",
    "_source": {
      "title": "Traffic - URL Categories : Top 10 (Pie)",
      "visState": "{\"title\":\"Traffic - URL Categories : Top 10 (Pie)\",\"type\":\"pie\",\"params\":{\"type\":\"pie\",\"addTooltip\":true,\"addLegend\":true,\"legendPosition\":\"right\",\"isDonut\":false,\"labels\":{\"show\":false,\"values\":true,\"last_level\":true,\"truncate\":100}},\"aggs\":[{\"id\":\"1\",\"enabled\":true,\"type\":\"sum\",\"schema\":\"metric\",\"params\":{\"field\":\"Bytes\",\"customLabel\":\"Traffic\"}},{\"id\":\"2\",\"enabled\":true,\"type\":\"terms\",\"schema\":\"segment\",\"params\":{\"field\":\"URLCategory.keyword\",\"size\":10,\"order\":\"desc\",\"orderBy\":\"1\",\"customLabel\":\"URL Category\"}}]}",
      "uiStateJSON": "{}",
      "description": "",
      "version": 1,
      "kibanaSavedObjectMeta": {
        "searchSourceJSON": "{\"index\":\"08aca200-fe11-11e7-87f3-ebdc1353ce87\",\"filter\":[],\"query\":{\"query\":\"\",\"language\":\"lucene\"}}"
      }
    }
  },
  {
    "_id": "a58750a0-fdeb-11e7-be83-eddfa25a06ba",
    "_type": "visualization",
    "_source": {
      "title": "Traffic - Applications by Protocol (Pie)",
      "visState": "{\"title\":\"Traffic - Applications by Protocol (Pie)\",\"type\":\"pie\",\"params\":{\"type\":\"pie\",\"addTooltip\":true,\"addLegend\":true,\"legendPosition\":\"right\",\"isDonut\":false,\"labels\":{\"show\":false,\"values\":true,\"last_level\":true,\"truncate\":100}},\"aggs\":[{\"id\":\"1\",\"enabled\":true,\"type\":\"sum\",\"schema\":\"metric\",\"params\":{\"field\":\"Bytes\",\"customLabel\":\"Traffic\"}},{\"id\":\"2\",\"enabled\":true,\"type\":\"terms\",\"schema\":\"segment\",\"params\":{\"field\":\"Protocol.keyword\",\"size\":10,\"order\":\"desc\",\"orderBy\":\"1\",\"customLabel\":\"Protocol\"}}]}",
      "uiStateJSON": "{}",
      "description": "",
      "version": 1,
      "kibanaSavedObjectMeta": {
        "searchSourceJSON": "{\"index\":\"08aca200-fe11-11e7-87f3-ebdc1353ce87\",\"filter\":[],\"query\":{\"query\":\"\",\"language\":\"lucene\"}}"
      }
    }
  },
  {
    "_id": "0636dc50-fdeb-11e7-be83-eddfa25a06ba",
    "_type": "visualization",
    "_source": {
      "title": "Traffic - Top 10 by User (Pie)",
      "visState": "{\"title\":\"Traffic - Top 10 by User (Pie)\",\"type\":\"pie\",\"params\":{\"type\":\"pie\",\"addTooltip\":true,\"addLegend\":true,\"legendPosition\":\"right\",\"isDonut\":false,\"labels\":{\"show\":false,\"values\":true,\"last_level\":true,\"truncate\":100}},\"aggs\":[{\"id\":\"1\",\"enabled\":true,\"type\":\"sum\",\"schema\":\"metric\",\"params\":{\"field\":\"Bytes\",\"customLabel\":\"Traffic\"}},{\"id\":\"2\",\"enabled\":true,\"type\":\"terms\",\"schema\":\"segment\",\"params\":{\"field\":\"SourceUser.keyword\",\"size\":10,\"order\":\"desc\",\"orderBy\":\"1\",\"customLabel\":\"User\"}}]}",
      "uiStateJSON": "{}",
      "description": "",
      "version": 1,
      "kibanaSavedObjectMeta": {
        "searchSourceJSON": "{\"index\":\"08aca200-fe11-11e7-87f3-ebdc1353ce87\",\"filter\":[],\"query\":{\"query\":\"\",\"language\":\"lucene\"}}"
      }
    }
  },
  {
    "_id": "bc35e500-fdeb-11e7-be83-eddfa25a06ba",
    "_type": "visualization",
    "_source": {
      "title": "Traffic - All by PANW Rule (Pie)",
      "visState": "{\"title\":\"Traffic - All by PANW Rule (Pie)\",\"type\":\"pie\",\"params\":{\"type\":\"pie\",\"addTooltip\":true,\"addLegend\":true,\"legendPosition\":\"right\",\"isDonut\":false,\"labels\":{\"show\":false,\"values\":true,\"last_level\":true,\"truncate\":100}},\"aggs\":[{\"id\":\"1\",\"enabled\":true,\"type\":\"sum\",\"schema\":\"metric\",\"params\":{\"field\":\"Bytes\",\"customLabel\":\"Traffic\"}},{\"id\":\"2\",\"enabled\":true,\"type\":\"terms\",\"schema\":\"segment\",\"params\":{\"field\":\"RuleName.keyword\",\"size\":10,\"order\":\"desc\",\"orderBy\":\"1\",\"customLabel\":\"Rule Name\"}}]}",
      "uiStateJSON": "{}",
      "description": "",
      "version": 1,
      "kibanaSavedObjectMeta": {
        "searchSourceJSON": "{\"index\":\"08aca200-fe11-11e7-87f3-ebdc1353ce87\",\"filter\":[],\"query\":{\"query\":\"\",\"language\":\"lucene\"}}"
      }
    }
  },
  {
    "_id": "52de9c60-fdb8-11e7-be83-eddfa25a06ba",
    "_type": "visualization",
    "_source": {
      "title": "System - All by Type (Metric)",
      "visState": "{\"title\":\"System - All by Type (Metric)\",\"type\":\"metric\",\"params\":{\"addTooltip\":true,\"addLegend\":false,\"type\":\"metric\",\"metric\":{\"percentageMode\":false,\"useRanges\":false,\"colorSchema\":\"Green to Red\",\"metricColorMode\":\"None\",\"colorsRange\":[{\"from\":0,\"to\":10000}],\"labels\":{\"show\":true},\"invertColors\":false,\"style\":{\"bgFill\":\"#000\",\"bgColor\":false,\"labelColor\":false,\"subText\":\"\",\"fontSize\":60}}},\"aggs\":[{\"id\":\"1\",\"enabled\":true,\"type\":\"count\",\"schema\":\"metric\",\"params\":{\"customLabel\":\"events\"}},{\"id\":\"2\",\"enabled\":true,\"type\":\"terms\",\"schema\":\"group\",\"params\":{\"field\":\"Content/Threat Type.keyword\",\"size\":5,\"order\":\"desc\",\"orderBy\":\"1\",\"customLabel\":\"Type\"}}]}",
      "uiStateJSON": "{}",
      "description": "",
      "version": 1,
      "kibanaSavedObjectMeta": {
        "searchSourceJSON": "{\"index\":\"22c7ad60-fe11-11e7-87f3-ebdc1353ce87\",\"filter\":[],\"query\":{\"query\":\"\",\"language\":\"lucene\"}}"
      }
    }
  },
  {
    "_id": "31b28690-fdb9-11e7-be83-eddfa25a06ba",
    "_type": "visualization",
    "_source": {
      "title": "System - All : Warnings & Errors (Metric)",
      "visState": "{\"title\":\"System - All : Warnings & Errors (Metric)\",\"type\":\"metric\",\"params\":{\"addTooltip\":true,\"addLegend\":false,\"type\":\"metric\",\"metric\":{\"percentageMode\":false,\"useRanges\":false,\"colorSchema\":\"Green to Red\",\"metricColorMode\":\"Labels\",\"colorsRange\":[{\"from\":0,\"to\":0},{\"from\":1,\"to\":999999}],\"labels\":{\"show\":true},\"invertColors\":false,\"style\":{\"bgFill\":\"#000\",\"bgColor\":false,\"labelColor\":true,\"subText\":\"\",\"fontSize\":60}}},\"aggs\":[{\"id\":\"1\",\"enabled\":true,\"type\":\"count\",\"schema\":\"metric\",\"params\":{\"customLabel\":\"Events\"}}]}",
      "uiStateJSON": "{}",
      "description": "",
      "version": 1,
      "kibanaSavedObjectMeta": {
        "searchSourceJSON": "{\"index\":\"22c7ad60-fe11-11e7-87f3-ebdc1353ce87\",\"filter\":[],\"query\":{\"query\":\"severity:[1 TO 4]\",\"language\":\"lucene\"}}"
      }
    }
  },
  {
    "_id": "bd2d2f60-fdc1-11e7-be83-eddfa25a06ba",
    "_type": "visualization",
    "_source": {
      "title": "Threat - All by Type (Stacked Bar)",
      "visState": "{\"title\":\"Threat - All by Type (Stacked Bar)\",\"type\":\"histogram\",\"params\":{\"addLegend\":true,\"addTimeMarker\":false,\"addTooltip\":true,\"categoryAxes\":[{\"id\":\"CategoryAxis-1\",\"labels\":{\"show\":true,\"truncate\":100},\"position\":\"bottom\",\"scale\":{\"type\":\"linear\"},\"show\":true,\"style\":{},\"title\":{},\"type\":\"category\"}],\"grid\":{\"categoryLines\":false,\"style\":{\"color\":\"#eee\"}},\"legendPosition\":\"right\",\"seriesParams\":[{\"data\":{\"id\":\"1\",\"label\":\"Events\"},\"drawLinesBetweenPoints\":true,\"mode\":\"stacked\",\"show\":\"true\",\"showCircles\":true,\"type\":\"histogram\",\"valueAxis\":\"ValueAxis-1\"}],\"times\":[],\"type\":\"histogram\",\"valueAxes\":[{\"id\":\"ValueAxis-1\",\"labels\":{\"filter\":false,\"rotate\":0,\"show\":true,\"truncate\":100},\"name\":\"LeftAxis-1\",\"position\":\"left\",\"scale\":{\"mode\":\"normal\",\"type\":\"linear\"},\"show\":true,\"style\":{},\"title\":{\"text\":\"Events\"},\"type\":\"value\"}]},\"aggs\":[{\"id\":\"1\",\"enabled\":true,\"type\":\"count\",\"schema\":\"metric\",\"params\":{\"customLabel\":\"Events\"}},{\"id\":\"2\",\"enabled\":true,\"type\":\"date_histogram\",\"schema\":\"segment\",\"params\":{\"field\":\"@timestamp\",\"interval\":\"auto\",\"customInterval\":\"2h\",\"min_doc_count\":1,\"extended_bounds\":{},\"customLabel\":\"Time\"}},{\"id\":\"3\",\"enabled\":true,\"type\":\"terms\",\"schema\":\"group\",\"params\":{\"field\":\"Threat_ContentType.keyword\",\"size\":10,\"order\":\"desc\",\"orderBy\":\"_term\",\"customLabel\":\"Type\"}}]}",
      "uiStateJSON": "{}",
      "description": "",
      "version": 1,
      "kibanaSavedObjectMeta": {
        "searchSourceJSON": "{\"index\":\"1446c190-fe11-11e7-87f3-ebdc1353ce87\",\"filter\":[],\"query\":{\"query\":\"NOT ThreatID:9999 NOT Threat_ContentType:'url'\",\"language\":\"lucene\"}}"
      }
    }
  },
  {
    "_id": "cfea0210-fdbf-11e7-be83-eddfa25a06ba",
    "_type": "visualization",
    "_source": {
      "title": "Threat - Medium+ (Metric)",
      "visState": "{\"title\":\"Threat - Medium+ (Metric)\",\"type\":\"metric\",\"params\":{\"addTooltip\":true,\"addLegend\":false,\"type\":\"metric\",\"metric\":{\"percentageMode\":false,\"useRanges\":false,\"colorSchema\":\"Green to Red\",\"metricColorMode\":\"Labels\",\"colorsRange\":[{\"from\":0,\"to\":0},{\"from\":1,\"to\":999999}],\"labels\":{\"show\":true},\"invertColors\":false,\"style\":{\"bgFill\":\"#000\",\"bgColor\":false,\"labelColor\":true,\"subText\":\"\",\"fontSize\":60}}},\"aggs\":[{\"id\":\"1\",\"enabled\":true,\"type\":\"count\",\"schema\":\"metric\",\"params\":{\"customLabel\":\"Events\"}},{\"id\":\"2\",\"enabled\":true,\"type\":\"terms\",\"schema\":\"group\",\"params\":{\"field\":\"Threat_ContentType.keyword\",\"size\":10,\"order\":\"desc\",\"orderBy\":\"1\",\"customLabel\":\"Type\"}}]}",
      "uiStateJSON": "{}",
      "description": "",
      "version": 1,
      "kibanaSavedObjectMeta": {
        "searchSourceJSON": "{\"index\":\"1446c190-fe11-11e7-87f3-ebdc1353ce87\",\"filter\":[],\"query\":{\"query\":\"NOT ThreatID:9999 NOT Threat_ContentType:'url' NOT Severity:'low'\",\"language\":\"lucene\"}}"
      }
    }
  },
  {
    "_id": "6f332360-fdc0-11e7-be83-eddfa25a06ba",
    "_type": "visualization",
    "_source": {
      "title": "Threat - Low Only (Metric)",
      "visState": "{\"title\":\"Threat - Low Only (Metric)\",\"type\":\"metric\",\"params\":{\"addTooltip\":true,\"addLegend\":false,\"type\":\"metric\",\"metric\":{\"percentageMode\":false,\"useRanges\":false,\"colorSchema\":\"Green to Red\",\"metricColorMode\":\"None\",\"colorsRange\":[{\"from\":0,\"to\":10000}],\"labels\":{\"show\":true},\"invertColors\":false,\"style\":{\"bgFill\":\"#000\",\"bgColor\":false,\"labelColor\":false,\"subText\":\"\",\"fontSize\":60}}},\"aggs\":[{\"id\":\"1\",\"enabled\":true,\"type\":\"count\",\"schema\":\"metric\",\"params\":{}}]}",
      "uiStateJSON": "{}",
      "description": "",
      "version": 1,
      "kibanaSavedObjectMeta": {
        "searchSourceJSON": "{\"index\":\"1446c190-fe11-11e7-87f3-ebdc1353ce87\",\"filter\":[],\"query\":{\"query\":\"NOT ThreatID:9999 NOT Threat_ContentType:'url' NOT Severity:'low'\",\"language\":\"lucene\"}}"
      }
    }
  },
  {
    "_id": "7730faa0-fdc6-11e7-be83-eddfa25a06ba",
    "_type": "visualization",
    "_source": {
      "title": "Threat - All by Destination (Pie)",
      "visState": "{\"title\":\"Threat - All by Destination (Pie)\",\"type\":\"pie\",\"params\":{\"type\":\"pie\",\"addTooltip\":true,\"addLegend\":true,\"legendPosition\":\"right\",\"isDonut\":false,\"labels\":{\"show\":false,\"values\":false,\"last_level\":true,\"truncate\":100}},\"aggs\":[{\"id\":\"1\",\"enabled\":true,\"type\":\"count\",\"schema\":\"metric\",\"params\":{\"customLabel\":\"Events\"}},{\"id\":\"2\",\"enabled\":true,\"type\":\"terms\",\"schema\":\"segment\",\"params\":{\"field\":\"DestinationLocation.keyword\",\"size\":5,\"order\":\"desc\",\"orderBy\":\"1\",\"customLabel\":\"Destination\"}}]}",
      "uiStateJSON": "{}",
      "description": "",
      "version": 1,
      "kibanaSavedObjectMeta": {
        "searchSourceJSON": "{\"index\":\"1446c190-fe11-11e7-87f3-ebdc1353ce87\",\"filter\":[],\"query\":{\"query\":\"NOT ThreatID:9999 NOT Threat_ContentType:'url'\",\"language\":\"lucene\"}}"
      }
    }
  },
  {
    "_id": "ef9f83d0-fdc6-11e7-be83-eddfa25a06ba",
    "_type": "visualization",
    "_source": {
      "title": "Threat - Medium+ by Severity (Stacked Bar)",
      "visState": "{\"title\":\"Threat - Medium+ by Severity (Stacked Bar)\",\"type\":\"histogram\",\"params\":{\"addLegend\":true,\"addTimeMarker\":false,\"addTooltip\":true,\"categoryAxes\":[{\"id\":\"CategoryAxis-1\",\"labels\":{\"show\":true,\"truncate\":100},\"position\":\"bottom\",\"scale\":{\"type\":\"linear\"},\"show\":true,\"style\":{},\"title\":{},\"type\":\"category\"}],\"grid\":{\"categoryLines\":false,\"style\":{\"color\":\"#eee\"}},\"legendPosition\":\"right\",\"seriesParams\":[{\"data\":{\"id\":\"1\",\"label\":\"Events\"},\"drawLinesBetweenPoints\":true,\"mode\":\"stacked\",\"show\":\"true\",\"showCircles\":true,\"type\":\"histogram\",\"valueAxis\":\"ValueAxis-1\"}],\"times\":[],\"type\":\"histogram\",\"valueAxes\":[{\"id\":\"ValueAxis-1\",\"labels\":{\"filter\":false,\"rotate\":0,\"show\":true,\"truncate\":100},\"name\":\"LeftAxis-1\",\"position\":\"left\",\"scale\":{\"mode\":\"normal\",\"type\":\"linear\"},\"show\":true,\"style\":{},\"title\":{\"text\":\"Events\"},\"type\":\"value\"}]},\"aggs\":[{\"id\":\"1\",\"enabled\":true,\"type\":\"count\",\"schema\":\"metric\",\"params\":{\"customLabel\":\"Events\"}},{\"id\":\"2\",\"enabled\":true,\"type\":\"date_histogram\",\"schema\":\"segment\",\"params\":{\"field\":\"@timestamp\",\"interval\":\"auto\",\"customInterval\":\"2h\",\"min_doc_count\":1,\"extended_bounds\":{},\"customLabel\":\"Time\"}},{\"id\":\"3\",\"enabled\":true,\"type\":\"terms\",\"schema\":\"group\",\"params\":{\"field\":\"severity_label.keyword\",\"size\":10,\"order\":\"desc\",\"orderBy\":\"_term\",\"customLabel\":\"Severity\"}}]}",
      "uiStateJSON": "{}",
      "description": "",
      "version": 1,
      "kibanaSavedObjectMeta": {
        "searchSourceJSON": "{\"index\":\"1446c190-fe11-11e7-87f3-ebdc1353ce87\",\"filter\":[],\"query\":{\"query\":\"NOT ThreatID:9999 NOT Threat_ContentType:'url' NOT Severity:'low'\",\"language\":\"lucene\"}}"
      }
    }
  },
  {
    "_id": "daaaad60-fdc6-11e7-be83-eddfa25a06ba",
    "_type": "visualization",
    "_source": {
      "title": "Threat - Medium+ by Type (Stacked Bar)",
      "visState": "{\"title\":\"Threat - Medium+ by Type (Stacked Bar)\",\"type\":\"histogram\",\"params\":{\"addLegend\":true,\"addTimeMarker\":false,\"addTooltip\":true,\"categoryAxes\":[{\"id\":\"CategoryAxis-1\",\"labels\":{\"show\":true,\"truncate\":100},\"position\":\"bottom\",\"scale\":{\"type\":\"linear\"},\"show\":true,\"style\":{},\"title\":{},\"type\":\"category\"}],\"grid\":{\"categoryLines\":false,\"style\":{\"color\":\"#eee\"}},\"legendPosition\":\"right\",\"seriesParams\":[{\"data\":{\"id\":\"1\",\"label\":\"Events\"},\"drawLinesBetweenPoints\":true,\"mode\":\"stacked\",\"show\":\"true\",\"showCircles\":true,\"type\":\"histogram\",\"valueAxis\":\"ValueAxis-1\"}],\"times\":[],\"type\":\"histogram\",\"valueAxes\":[{\"id\":\"ValueAxis-1\",\"labels\":{\"filter\":false,\"rotate\":0,\"show\":true,\"truncate\":100},\"name\":\"LeftAxis-1\",\"position\":\"left\",\"scale\":{\"mode\":\"normal\",\"type\":\"linear\"},\"show\":true,\"style\":{},\"title\":{\"text\":\"Events\"},\"type\":\"value\"}]},\"aggs\":[{\"id\":\"1\",\"enabled\":true,\"type\":\"count\",\"schema\":\"metric\",\"params\":{\"customLabel\":\"Events\"}},{\"id\":\"2\",\"enabled\":true,\"type\":\"date_histogram\",\"schema\":\"segment\",\"params\":{\"field\":\"@timestamp\",\"interval\":\"auto\",\"customInterval\":\"2h\",\"min_doc_count\":1,\"extended_bounds\":{},\"customLabel\":\"Time\"}},{\"id\":\"3\",\"enabled\":true,\"type\":\"terms\",\"schema\":\"group\",\"params\":{\"field\":\"Threat_ContentType.keyword\",\"size\":10,\"order\":\"desc\",\"orderBy\":\"_term\",\"customLabel\":\"Type\"}}]}",
      "uiStateJSON": "{}",
      "description": "",
      "version": 1,
      "kibanaSavedObjectMeta": {
        "searchSourceJSON": "{\"index\":\"1446c190-fe11-11e7-87f3-ebdc1353ce87\",\"filter\":[],\"query\":{\"query\":\"NOT ThreatID:9999 NOT Threat_ContentType:'url' NOT Severity:'low'\",\"language\":\"lucene\"}}"
      }
    }
  },
  {
    "_id": "15f85080-fdc1-11e7-be83-eddfa25a06ba",
    "_type": "visualization",
    "_source": {
      "title": "Threat - All by Severity (Stacked Bar)",
      "visState": "{\"title\":\"Threat - All by Severity (Stacked Bar)\",\"type\":\"histogram\",\"params\":{\"addLegend\":true,\"addTimeMarker\":false,\"addTooltip\":true,\"categoryAxes\":[{\"id\":\"CategoryAxis-1\",\"labels\":{\"show\":true,\"truncate\":100},\"position\":\"bottom\",\"scale\":{\"type\":\"linear\"},\"show\":true,\"style\":{},\"title\":{},\"type\":\"category\"}],\"grid\":{\"categoryLines\":false,\"style\":{\"color\":\"#eee\"}},\"legendPosition\":\"right\",\"seriesParams\":[{\"data\":{\"id\":\"1\",\"label\":\"Events\"},\"drawLinesBetweenPoints\":true,\"mode\":\"stacked\",\"show\":\"true\",\"showCircles\":true,\"type\":\"histogram\",\"valueAxis\":\"ValueAxis-1\"}],\"times\":[],\"type\":\"histogram\",\"valueAxes\":[{\"id\":\"ValueAxis-1\",\"labels\":{\"filter\":false,\"rotate\":0,\"show\":true,\"truncate\":100},\"name\":\"LeftAxis-1\",\"position\":\"left\",\"scale\":{\"mode\":\"normal\",\"type\":\"linear\"},\"show\":true,\"style\":{},\"title\":{\"text\":\"Events\"},\"type\":\"value\"}]},\"aggs\":[{\"id\":\"1\",\"enabled\":true,\"type\":\"count\",\"schema\":\"metric\",\"params\":{\"customLabel\":\"Events\"}},{\"id\":\"2\",\"enabled\":true,\"type\":\"date_histogram\",\"schema\":\"segment\",\"params\":{\"field\":\"@timestamp\",\"interval\":\"auto\",\"customInterval\":\"2h\",\"min_doc_count\":1,\"extended_bounds\":{},\"customLabel\":\"Time\"}},{\"id\":\"3\",\"enabled\":true,\"type\":\"terms\",\"schema\":\"group\",\"params\":{\"field\":\"severity_label.keyword\",\"size\":10,\"order\":\"desc\",\"orderBy\":\"_term\",\"customLabel\":\"Severity\"}}]}",
      "uiStateJSON": "{}",
      "description": "",
      "version": 1,
      "kibanaSavedObjectMeta": {
        "searchSourceJSON": "{\"index\":\"1446c190-fe11-11e7-87f3-ebdc1353ce87\",\"filter\":[],\"query\":{\"query\":\"NOT ThreatID:9999 NOT Threat_ContentType:'url'\",\"language\":\"lucene\"}}"
      }
    }
  },
  {
    "_id": "3ef8c0c0-fdbf-11e7-be83-eddfa25a06ba",
    "_type": "visualization",
    "_source": {
      "title": "Threat - All by Severity (Metric)",
      "visState": "{\"title\":\"Threat - All by Severity (Metric)\",\"type\":\"metric\",\"params\":{\"addTooltip\":true,\"addLegend\":false,\"type\":\"metric\",\"metric\":{\"percentageMode\":false,\"useRanges\":false,\"colorSchema\":\"Green to Red\",\"metricColorMode\":\"None\",\"colorsRange\":[{\"from\":0,\"to\":10000}],\"labels\":{\"show\":true},\"invertColors\":false,\"style\":{\"bgFill\":\"#000\",\"bgColor\":false,\"labelColor\":false,\"subText\":\"\",\"fontSize\":60}}},\"aggs\":[{\"id\":\"1\",\"enabled\":true,\"type\":\"count\",\"schema\":\"metric\",\"params\":{\"customLabel\":\"Events\"}},{\"id\":\"2\",\"enabled\":true,\"type\":\"terms\",\"schema\":\"group\",\"params\":{\"field\":\"severity_label.keyword\",\"size\":5,\"order\":\"desc\",\"orderBy\":\"1\",\"customLabel\":\"Severity\"}}]}",
      "uiStateJSON": "{}",
      "description": "",
      "version": 1,
      "kibanaSavedObjectMeta": {
        "searchSourceJSON": "{\"index\":\"1446c190-fe11-11e7-87f3-ebdc1353ce87\",\"filter\":[],\"query\":{\"query\":\"NOT ThreatID:9999 NOT Threat_ContentType:'url'\",\"language\":\"lucene\"}}"
      }
    }
  },
  {
    "_id": "feb4b0d0-fdfc-11e7-be83-eddfa25a06ba",
    "_type": "visualization",
    "_source": {
      "title": "Threat - Medium+ : Summary (Metric)",
      "visState": "{\"title\":\"Threat - Medium+ : Summary (Metric)\",\"type\":\"metric\",\"params\":{\"addTooltip\":true,\"addLegend\":false,\"type\":\"metric\",\"metric\":{\"percentageMode\":false,\"useRanges\":false,\"colorSchema\":\"Green to Red\",\"metricColorMode\":\"Labels\",\"colorsRange\":[{\"from\":0,\"to\":0},{\"from\":1,\"to\":999999}],\"labels\":{\"show\":true},\"invertColors\":false,\"style\":{\"bgFill\":\"#000\",\"bgColor\":false,\"labelColor\":true,\"subText\":\"\",\"fontSize\":60}}},\"aggs\":[{\"id\":\"1\",\"enabled\":true,\"type\":\"count\",\"schema\":\"metric\",\"params\":{\"customLabel\":\"Events\"}}]}",
      "uiStateJSON": "{}",
      "description": "",
      "version": 1,
      "kibanaSavedObjectMeta": {
        "searchSourceJSON": "{\"index\":\"1446c190-fe11-11e7-87f3-ebdc1353ce87\",\"filter\":[],\"query\":{\"query\":\"NOT ThreatID:9999 NOT Threat_ContentType:'url' NOT Severity:'low'\",\"language\":\"lucene\"}}"
      }
    }
  },
  {
    "_id": "ae92ed60-fdfc-11e7-be83-eddfa25a06ba",
    "_type": "visualization",
    "_source": {
      "title": "Threat - All by Severity (Pie)",
      "visState": "{\"title\":\"Threat - All by Severity (Pie)\",\"type\":\"pie\",\"params\":{\"type\":\"pie\",\"addTooltip\":true,\"addLegend\":true,\"legendPosition\":\"right\",\"isDonut\":false,\"labels\":{\"show\":false,\"values\":true,\"last_level\":true,\"truncate\":100}},\"aggs\":[{\"id\":\"1\",\"enabled\":true,\"type\":\"count\",\"schema\":\"metric\",\"params\":{\"customLabel\":\"Events\"}},{\"id\":\"2\",\"enabled\":true,\"type\":\"terms\",\"schema\":\"segment\",\"params\":{\"field\":\"severity_label.keyword\",\"size\":10,\"order\":\"desc\",\"orderBy\":\"1\",\"customLabel\":\"Severity\"}}]}",
      "uiStateJSON": "{}",
      "description": "",
      "version": 1,
      "kibanaSavedObjectMeta": {
        "searchSourceJSON": "{\"index\":\"1446c190-fe11-11e7-87f3-ebdc1353ce87\",\"filter\":[],\"query\":{\"query\":\"\",\"language\":\"lucene\"}}"
      }
    }
  },
  {
    "_id": "4d93ecb0-fdfe-11e7-be83-eddfa25a06ba",
    "_type": "visualization",
    "_source": {
      "title": "URL - Blocked URLs by URL Category (Donut)",
      "visState": "{\"title\":\"URL - Blocked URLs by URL Category (Donut)\",\"type\":\"pie\",\"params\":{\"type\":\"pie\",\"addTooltip\":true,\"addLegend\":true,\"legendPosition\":\"right\",\"isDonut\":true,\"labels\":{\"show\":false,\"values\":true,\"last_level\":true,\"truncate\":100}},\"aggs\":[{\"id\":\"1\",\"enabled\":true,\"type\":\"count\",\"schema\":\"metric\",\"params\":{\"customLabel\":\"Hits\"}},{\"id\":\"2\",\"enabled\":true,\"type\":\"terms\",\"schema\":\"segment\",\"params\":{\"field\":\"URLCategory.keyword\",\"size\":10,\"order\":\"desc\",\"orderBy\":\"1\",\"customLabel\":\"Action\"}}]}",
      "uiStateJSON": "{}",
      "description": "",
      "version": 1,
      "kibanaSavedObjectMeta": {
        "searchSourceJSON": "{\"index\":\"1446c190-fe11-11e7-87f3-ebdc1353ce87\",\"filter\":[],\"query\":{\"query\":\"Threat_ContentType:'url' NOT Action:'alert'\",\"language\":\"lucene\"}}"
      }
    }
  },
  {
    "_id": "51481b10-fdfe-11e7-be83-eddfa25a06ba",
    "_type": "visualization",
    "_source": {
      "title": "Threat - All by Severity (Donut)",
      "visState": "{\"title\":\"Threat - All by Severity (Donut)\",\"type\":\"pie\",\"params\":{\"type\":\"pie\",\"addTooltip\":true,\"addLegend\":true,\"legendPosition\":\"right\",\"isDonut\":true,\"labels\":{\"show\":false,\"values\":true,\"last_level\":true,\"truncate\":100}},\"aggs\":[{\"id\":\"1\",\"enabled\":true,\"type\":\"count\",\"schema\":\"metric\",\"params\":{\"customLabel\":\"Events\"}},{\"id\":\"2\",\"enabled\":true,\"type\":\"terms\",\"schema\":\"segment\",\"params\":{\"field\":\"severity_label.keyword\",\"size\":10,\"order\":\"desc\",\"orderBy\":\"1\",\"customLabel\":\"Severity\"}}]}",
      "uiStateJSON": "{}",
      "description": "",
      "version": 1,
      "kibanaSavedObjectMeta": {
        "searchSourceJSON": "{\"index\":\"1446c190-fe11-11e7-87f3-ebdc1353ce87\",\"filter\":[],\"query\":{\"query\":\"\",\"language\":\"lucene\"}}"
      }
    }
  },
  {
    "_id": "22307310-fde8-11e7-be83-eddfa25a06ba",
    "_type": "visualization",
    "_source": {
      "title": "URL - Blocked URLs Count (Metric)",
      "visState": "{\"title\":\"URL - Blocked URLs Count (Metric)\",\"type\":\"metric\",\"params\":{\"addTooltip\":true,\"addLegend\":false,\"type\":\"metric\",\"metric\":{\"percentageMode\":false,\"useRanges\":false,\"colorSchema\":\"Green to Red\",\"metricColorMode\":\"Labels\",\"colorsRange\":[{\"from\":0,\"to\":0},{\"from\":1,\"to\":999999}],\"labels\":{\"show\":true},\"invertColors\":false,\"style\":{\"bgFill\":\"#000\",\"bgColor\":false,\"labelColor\":true,\"subText\":\"\",\"fontSize\":60}}},\"aggs\":[{\"id\":\"1\",\"enabled\":true,\"type\":\"count\",\"schema\":\"metric\",\"params\":{\"customLabel\":\"URLs\"}}]}",
      "uiStateJSON": "{}",
      "description": "",
      "version": 1,
      "kibanaSavedObjectMeta": {
        "searchSourceJSON": "{\"index\":\"1446c190-fe11-11e7-87f3-ebdc1353ce87\",\"filter\":[],\"query\":{\"query\":\"Threat_ContentType:'url' NOT Action:'alert'\",\"language\":\"lucene\"}}"
      }
    }
  },
  {
    "_id": "439759e0-fde5-11e7-be83-eddfa25a06ba",
    "_type": "visualization",
    "_source": {
      "title": "URL - Top 50 by Hits (Table)",
      "visState": "{\"title\":\"URL - Top 50 by Hits (Table)\",\"type\":\"table\",\"params\":{\"perPage\":10,\"showPartialRows\":false,\"showMeticsAtAllLevels\":false,\"sort\":{\"columnIndex\":null,\"direction\":null},\"showTotal\":false,\"totalFunc\":\"sum\"},\"aggs\":[{\"id\":\"1\",\"enabled\":true,\"type\":\"count\",\"schema\":\"metric\",\"params\":{\"customLabel\":\"Hits\"}},{\"id\":\"2\",\"enabled\":true,\"type\":\"terms\",\"schema\":\"bucket\",\"params\":{\"field\":\"Miscellaneous.keyword\",\"size\":50,\"order\":\"desc\",\"orderBy\":\"1\",\"customLabel\":\"URL\"}}]}",
      "uiStateJSON": "{\"vis\":{\"params\":{\"sort\":{\"columnIndex\":null,\"direction\":null}}}}",
      "description": "",
      "version": 1,
      "kibanaSavedObjectMeta": {
        "searchSourceJSON": "{\"index\":\"1446c190-fe11-11e7-87f3-ebdc1353ce87\",\"filter\":[],\"query\":{\"query\":\"Threat_ContentType:'url'\",\"language\":\"lucene\"}}"
      }
    }
  },
  {
    "_id": "a14efdf0-fdc6-11e7-be83-eddfa25a06ba",
    "_type": "visualization",
    "_source": {
      "title": "Threat - Medium+ by Destination (Pie)",
      "visState": "{\"title\":\"Threat - Medium+ by Destination (Pie)\",\"type\":\"pie\",\"params\":{\"type\":\"pie\",\"addTooltip\":true,\"addLegend\":true,\"legendPosition\":\"right\",\"isDonut\":false,\"labels\":{\"show\":false,\"values\":false,\"last_level\":true,\"truncate\":100}},\"aggs\":[{\"id\":\"1\",\"enabled\":true,\"type\":\"count\",\"schema\":\"metric\",\"params\":{\"customLabel\":\"Events\"}},{\"id\":\"2\",\"enabled\":true,\"type\":\"terms\",\"schema\":\"segment\",\"params\":{\"field\":\"DestinationLocation.keyword\",\"size\":5,\"order\":\"desc\",\"orderBy\":\"1\",\"customLabel\":\"Destination\"}}]}",
      "uiStateJSON": "{}",
      "description": "",
      "version": 1,
      "kibanaSavedObjectMeta": {
        "searchSourceJSON": "{\"index\":\"1446c190-fe11-11e7-87f3-ebdc1353ce87\",\"filter\":[],\"query\":{\"query\":\"NOT ThreatID:9999 NOT Threat_ContentType:'url' NOT Severity:'low'\",\"language\":\"lucene\"}}"
      }
    }
  },
  {
    "_id": "b32185c0-fdc6-11e7-be83-eddfa25a06ba",
    "_type": "visualization",
    "_source": {
      "title": "Threat - Medium+ by Source (Pie)",
      "visState": "{\"title\":\"Threat - Medium+ by Source (Pie)\",\"type\":\"pie\",\"params\":{\"type\":\"pie\",\"addTooltip\":true,\"addLegend\":true,\"legendPosition\":\"right\",\"isDonut\":false,\"labels\":{\"show\":false,\"values\":false,\"last_level\":true,\"truncate\":100}},\"aggs\":[{\"id\":\"1\",\"enabled\":true,\"type\":\"count\",\"schema\":\"metric\",\"params\":{\"customLabel\":\"Events\"}},{\"id\":\"2\",\"enabled\":true,\"type\":\"terms\",\"schema\":\"segment\",\"params\":{\"field\":\"SourceLocation.keyword\",\"size\":5,\"order\":\"desc\",\"orderBy\":\"1\",\"customLabel\":\"Source\"}}]}",
      "uiStateJSON": "{}",
      "description": "",
      "version": 1,
      "kibanaSavedObjectMeta": {
        "searchSourceJSON": "{\"index\":\"1446c190-fe11-11e7-87f3-ebdc1353ce87\",\"filter\":[],\"query\":{\"query\":\"NOT ThreatID:9999 NOT Threat_ContentType:'url' NOT Severity:'low'\",\"language\":\"lucene\"}}"
      }
    }
  },
  {
    "_id": "c1060a80-fdc6-11e7-be83-eddfa25a06ba",
    "_type": "visualization",
    "_source": {
      "title": "Threat - All by Source (Pie)",
      "visState": "{\"title\":\"Threat - All by Source (Pie)\",\"type\":\"pie\",\"params\":{\"type\":\"pie\",\"addTooltip\":true,\"addLegend\":true,\"legendPosition\":\"right\",\"isDonut\":false,\"labels\":{\"show\":false,\"values\":false,\"last_level\":true,\"truncate\":100}},\"aggs\":[{\"id\":\"1\",\"enabled\":true,\"type\":\"count\",\"schema\":\"metric\",\"params\":{\"customLabel\":\"Events\"}},{\"id\":\"2\",\"enabled\":true,\"type\":\"terms\",\"schema\":\"segment\",\"params\":{\"field\":\"SourceLocation.keyword\",\"size\":5,\"order\":\"desc\",\"orderBy\":\"1\",\"customLabel\":\"Source\"}}]}",
      "uiStateJSON": "{}",
      "description": "",
      "version": 1,
      "kibanaSavedObjectMeta": {
        "searchSourceJSON": "{\"index\":\"1446c190-fe11-11e7-87f3-ebdc1353ce87\",\"filter\":[],\"query\":{\"query\":\"NOT ThreatID:9999 NOT Threat_ContentType:'url'\",\"language\":\"lucene\"}}"
      }
    }
  },
  {
    "_id": "516a2400-fde8-11e7-be83-eddfa25a06ba",
    "_type": "visualization",
    "_source": {
      "title": "URL - Blocked URLs by Destination (Pie)",
      "visState": "{\"title\":\"URL - Blocked URLs by Destination (Pie)\",\"type\":\"pie\",\"params\":{\"type\":\"pie\",\"addTooltip\":true,\"addLegend\":true,\"legendPosition\":\"right\",\"isDonut\":false,\"labels\":{\"show\":false,\"values\":true,\"last_level\":true,\"truncate\":100}},\"aggs\":[{\"id\":\"1\",\"enabled\":true,\"type\":\"count\",\"schema\":\"metric\",\"params\":{\"customLabel\":\"Hits\"}},{\"id\":\"2\",\"enabled\":true,\"type\":\"terms\",\"schema\":\"segment\",\"params\":{\"field\":\"DestinationLocation.keyword\",\"size\":10,\"order\":\"desc\",\"orderBy\":\"1\",\"customLabel\":\"Action\"}}]}",
      "uiStateJSON": "{}",
      "description": "",
      "version": 1,
      "kibanaSavedObjectMeta": {
        "searchSourceJSON": "{\"index\":\"1446c190-fe11-11e7-87f3-ebdc1353ce87\",\"filter\":[],\"query\":{\"query\":\"Threat_ContentType:'url' NOT Action:'alert'\",\"language\":\"lucene\"}}"
      }
    }
  },
  {
    "_id": "40a28710-fde9-11e7-be83-eddfa25a06ba",
    "_type": "visualization",
    "_source": {
      "title": "URL - Top 10 Blocked URLs by Destination (Stacked Bar)",
      "visState": "{\"title\":\"URL - Top 10 Blocked URLs by Destination (Stacked Bar)\",\"type\":\"histogram\",\"params\":{\"type\":\"histogram\",\"grid\":{\"categoryLines\":false,\"style\":{\"color\":\"#eee\"}},\"categoryAxes\":[{\"id\":\"CategoryAxis-1\",\"type\":\"category\",\"position\":\"bottom\",\"show\":true,\"style\":{},\"scale\":{\"type\":\"linear\"},\"labels\":{\"show\":true,\"truncate\":100},\"title\":{}}],\"valueAxes\":[{\"id\":\"ValueAxis-1\",\"name\":\"LeftAxis-1\",\"type\":\"value\",\"position\":\"left\",\"show\":true,\"style\":{},\"scale\":{\"type\":\"linear\",\"mode\":\"normal\"},\"labels\":{\"show\":true,\"rotate\":0,\"filter\":false,\"truncate\":100},\"title\":{\"text\":\"Hits\"}}],\"seriesParams\":[{\"show\":\"true\",\"type\":\"histogram\",\"mode\":\"stacked\",\"data\":{\"label\":\"Hits\",\"id\":\"1\"},\"valueAxis\":\"ValueAxis-1\",\"drawLinesBetweenPoints\":true,\"showCircles\":true}],\"addTooltip\":true,\"addLegend\":true,\"legendPosition\":\"right\",\"times\":[],\"addTimeMarker\":false},\"aggs\":[{\"id\":\"1\",\"enabled\":true,\"type\":\"count\",\"schema\":\"metric\",\"params\":{\"customLabel\":\"Hits\"}},{\"id\":\"2\",\"enabled\":true,\"type\":\"date_histogram\",\"schema\":\"segment\",\"params\":{\"field\":\"@timestamp\",\"interval\":\"auto\",\"customInterval\":\"2h\",\"min_doc_count\":1,\"extended_bounds\":{},\"customLabel\":\"Time\"}},{\"id\":\"3\",\"enabled\":true,\"type\":\"terms\",\"schema\":\"group\",\"params\":{\"field\":\"DestinationLocation.keyword\",\"size\":10,\"order\":\"desc\",\"orderBy\":\"1\",\"customLabel\":\"Location\"}}]}",
      "uiStateJSON": "{}",
      "description": "",
      "version": 1,
      "kibanaSavedObjectMeta": {
        "searchSourceJSON": "{\"index\":\"1446c190-fe11-11e7-87f3-ebdc1353ce87\",\"filter\":[],\"query\":{\"query\":\"Threat_ContentType:'url' NOT Action:'alert'\",\"language\":\"lucene\"}}"
      }
    }
  },
  {
    "_id": "f679d8f0-fde8-11e7-be83-eddfa25a06ba",
    "_type": "visualization",
    "_source": {
      "title": "URL - Blocked URLs by User (Stacked Bar)",
      "visState": "{\"title\":\"URL - Blocked URLs by User (Stacked Bar)\",\"type\":\"histogram\",\"params\":{\"type\":\"histogram\",\"grid\":{\"categoryLines\":false,\"style\":{\"color\":\"#eee\"}},\"categoryAxes\":[{\"id\":\"CategoryAxis-1\",\"type\":\"category\",\"position\":\"bottom\",\"show\":true,\"style\":{},\"scale\":{\"type\":\"linear\"},\"labels\":{\"show\":true,\"truncate\":100},\"title\":{}}],\"valueAxes\":[{\"id\":\"ValueAxis-1\",\"name\":\"LeftAxis-1\",\"type\":\"value\",\"position\":\"left\",\"show\":true,\"style\":{},\"scale\":{\"type\":\"linear\",\"mode\":\"normal\"},\"labels\":{\"show\":true,\"rotate\":0,\"filter\":false,\"truncate\":100},\"title\":{\"text\":\"Hits\"}}],\"seriesParams\":[{\"show\":\"true\",\"type\":\"histogram\",\"mode\":\"stacked\",\"data\":{\"label\":\"Hits\",\"id\":\"1\"},\"valueAxis\":\"ValueAxis-1\",\"drawLinesBetweenPoints\":true,\"showCircles\":true}],\"addTooltip\":true,\"addLegend\":true,\"legendPosition\":\"right\",\"times\":[],\"addTimeMarker\":false},\"aggs\":[{\"id\":\"1\",\"enabled\":true,\"type\":\"count\",\"schema\":\"metric\",\"params\":{\"customLabel\":\"Hits\"}},{\"id\":\"2\",\"enabled\":true,\"type\":\"date_histogram\",\"schema\":\"segment\",\"params\":{\"field\":\"@timestamp\",\"interval\":\"auto\",\"customInterval\":\"2h\",\"min_doc_count\":1,\"extended_bounds\":{},\"customLabel\":\"Time\"}},{\"id\":\"3\",\"enabled\":true,\"type\":\"terms\",\"schema\":\"group\",\"params\":{\"field\":\"SourceUser.keyword\",\"size\":50,\"order\":\"desc\",\"orderBy\":\"1\",\"customLabel\":\"User\"}}]}",
      "uiStateJSON": "{}",
      "description": "",
      "version": 1,
      "kibanaSavedObjectMeta": {
        "searchSourceJSON": "{\"index\":\"1446c190-fe11-11e7-87f3-ebdc1353ce87\",\"filter\":[],\"query\":{\"query\":\"Threat_ContentType:'url' NOT Action:'alert'\",\"language\":\"lucene\"}}"
      }
    }
  },
  {
    "_id": "37ee9780-fde9-11e7-be83-eddfa25a06ba",
    "_type": "visualization",
    "_source": {
      "title": "URL - Top 10 by Destination (Stacked Bar)",
      "visState": "{\"title\":\"URL - Top 10 by Destination (Stacked Bar)\",\"type\":\"histogram\",\"params\":{\"type\":\"histogram\",\"grid\":{\"categoryLines\":false,\"style\":{\"color\":\"#eee\"}},\"categoryAxes\":[{\"id\":\"CategoryAxis-1\",\"type\":\"category\",\"position\":\"bottom\",\"show\":true,\"style\":{},\"scale\":{\"type\":\"linear\"},\"labels\":{\"show\":true,\"truncate\":100},\"title\":{}}],\"valueAxes\":[{\"id\":\"ValueAxis-1\",\"name\":\"LeftAxis-1\",\"type\":\"value\",\"position\":\"left\",\"show\":true,\"style\":{},\"scale\":{\"type\":\"linear\",\"mode\":\"normal\"},\"labels\":{\"show\":true,\"rotate\":0,\"filter\":false,\"truncate\":100},\"title\":{\"text\":\"Hits\"}}],\"seriesParams\":[{\"show\":\"true\",\"type\":\"histogram\",\"mode\":\"stacked\",\"data\":{\"label\":\"Hits\",\"id\":\"1\"},\"valueAxis\":\"ValueAxis-1\",\"drawLinesBetweenPoints\":true,\"showCircles\":true}],\"addTooltip\":true,\"addLegend\":true,\"legendPosition\":\"right\",\"times\":[],\"addTimeMarker\":false},\"aggs\":[{\"id\":\"1\",\"enabled\":true,\"type\":\"count\",\"schema\":\"metric\",\"params\":{\"customLabel\":\"Hits\"}},{\"id\":\"2\",\"enabled\":true,\"type\":\"date_histogram\",\"schema\":\"segment\",\"params\":{\"field\":\"@timestamp\",\"interval\":\"auto\",\"customInterval\":\"2h\",\"min_doc_count\":1,\"extended_bounds\":{},\"customLabel\":\"Time\"}},{\"id\":\"3\",\"enabled\":true,\"type\":\"terms\",\"schema\":\"group\",\"params\":{\"field\":\"DestinationLocation.keyword\",\"size\":10,\"order\":\"desc\",\"orderBy\":\"1\",\"customLabel\":\"Location\"}}]}",
      "uiStateJSON": "{}",
      "description": "",
      "version": 1,
      "kibanaSavedObjectMeta": {
        "searchSourceJSON": "{\"index\":\"1446c190-fe11-11e7-87f3-ebdc1353ce87\",\"filter\":[],\"query\":{\"query\":\"Threat_ContentType:'url'\",\"language\":\"lucene\"}}"
      }
    }
  },
  {
    "_id": "ecb58ad0-fde8-11e7-be83-eddfa25a06ba",
    "_type": "visualization",
    "_source": {
      "title": "URL - All by User (Stacked Bar)",
      "visState": "{\"title\":\"URL - All by User (Stacked Bar)\",\"type\":\"histogram\",\"params\":{\"type\":\"histogram\",\"grid\":{\"categoryLines\":false,\"style\":{\"color\":\"#eee\"}},\"categoryAxes\":[{\"id\":\"CategoryAxis-1\",\"type\":\"category\",\"position\":\"bottom\",\"show\":true,\"style\":{},\"scale\":{\"type\":\"linear\"},\"labels\":{\"show\":true,\"truncate\":100},\"title\":{}}],\"valueAxes\":[{\"id\":\"ValueAxis-1\",\"name\":\"LeftAxis-1\",\"type\":\"value\",\"position\":\"left\",\"show\":true,\"style\":{},\"scale\":{\"type\":\"linear\",\"mode\":\"normal\"},\"labels\":{\"show\":true,\"rotate\":0,\"filter\":false,\"truncate\":100},\"title\":{\"text\":\"Hits\"}}],\"seriesParams\":[{\"show\":\"true\",\"type\":\"histogram\",\"mode\":\"stacked\",\"data\":{\"label\":\"Hits\",\"id\":\"1\"},\"valueAxis\":\"ValueAxis-1\",\"drawLinesBetweenPoints\":true,\"showCircles\":true}],\"addTooltip\":true,\"addLegend\":true,\"legendPosition\":\"right\",\"times\":[],\"addTimeMarker\":false},\"aggs\":[{\"id\":\"1\",\"enabled\":true,\"type\":\"count\",\"schema\":\"metric\",\"params\":{\"customLabel\":\"Hits\"}},{\"id\":\"2\",\"enabled\":true,\"type\":\"date_histogram\",\"schema\":\"segment\",\"params\":{\"field\":\"@timestamp\",\"interval\":\"auto\",\"customInterval\":\"2h\",\"min_doc_count\":1,\"extended_bounds\":{},\"customLabel\":\"Time\"}},{\"id\":\"3\",\"enabled\":true,\"type\":\"terms\",\"schema\":\"group\",\"params\":{\"field\":\"SourceUser.keyword\",\"size\":10,\"order\":\"desc\",\"orderBy\":\"1\",\"customLabel\":\"User\"}}]}",
      "uiStateJSON": "{}",
      "description": "",
      "version": 1,
      "kibanaSavedObjectMeta": {
        "searchSourceJSON": "{\"index\":\"1446c190-fe11-11e7-87f3-ebdc1353ce87\",\"filter\":[],\"query\":{\"query\":\"Threat_ContentType:'url'\",\"language\":\"lucene\"}}"
      }
    }
  },
  {
    "_id": "77480ca0-fde8-11e7-be83-eddfa25a06ba",
    "_type": "visualization",
    "_source": {
      "title": "URL - Blocked URLs by URL Category (Pie)",
      "visState": "{\"title\":\"URL - Blocked URLs by URL Category (Pie)\",\"type\":\"pie\",\"params\":{\"type\":\"pie\",\"addTooltip\":true,\"addLegend\":true,\"legendPosition\":\"right\",\"isDonut\":false,\"labels\":{\"show\":false,\"values\":true,\"last_level\":true,\"truncate\":100}},\"aggs\":[{\"id\":\"1\",\"enabled\":true,\"type\":\"count\",\"schema\":\"metric\",\"params\":{\"customLabel\":\"Hits\"}},{\"id\":\"2\",\"enabled\":true,\"type\":\"terms\",\"schema\":\"segment\",\"params\":{\"field\":\"URLCategory.keyword\",\"size\":10,\"order\":\"desc\",\"orderBy\":\"1\",\"customLabel\":\"Action\"}}]}",
      "uiStateJSON": "{}",
      "description": "",
      "version": 1,
      "kibanaSavedObjectMeta": {
        "searchSourceJSON": "{\"index\":\"1446c190-fe11-11e7-87f3-ebdc1353ce87\",\"filter\":[],\"query\":{\"query\":\"Threat_ContentType:'url' NOT Action:'alert'\",\"language\":\"lucene\"}}"
      }
    }
  },
  {
    "_id": "3f587050-fde8-11e7-be83-eddfa25a06ba",
    "_type": "visualization",
    "_source": {
      "title": "URL - All by Destination (Pie)",
      "visState": "{\"title\":\"URL - All by Destination (Pie)\",\"type\":\"pie\",\"params\":{\"type\":\"pie\",\"addTooltip\":true,\"addLegend\":true,\"legendPosition\":\"right\",\"isDonut\":false,\"labels\":{\"show\":false,\"values\":true,\"last_level\":true,\"truncate\":100}},\"aggs\":[{\"id\":\"1\",\"enabled\":true,\"type\":\"count\",\"schema\":\"metric\",\"params\":{\"customLabel\":\"Hits\"}},{\"id\":\"2\",\"enabled\":true,\"type\":\"terms\",\"schema\":\"segment\",\"params\":{\"field\":\"DestinationLocation.keyword\",\"size\":10,\"order\":\"desc\",\"orderBy\":\"1\",\"customLabel\":\"Action\"}}]}",
      "uiStateJSON": "{}",
      "description": "",
      "version": 1,
      "kibanaSavedObjectMeta": {
        "searchSourceJSON": "{\"index\":\"1446c190-fe11-11e7-87f3-ebdc1353ce87\",\"filter\":[],\"query\":{\"query\":\"Threat_ContentType:'url'\",\"language\":\"lucene\"}}"
      }
    }
  },
  {
    "_id": "6fee55e0-fde8-11e7-be83-eddfa25a06ba",
    "_type": "visualization",
    "_source": {
      "title": "URL - All by URL Category (Pie)",
      "visState": "{\"title\":\"URL - All by URL Category (Pie)\",\"type\":\"pie\",\"params\":{\"type\":\"pie\",\"addTooltip\":true,\"addLegend\":true,\"legendPosition\":\"right\",\"isDonut\":false,\"labels\":{\"show\":false,\"values\":true,\"last_level\":true,\"truncate\":100}},\"aggs\":[{\"id\":\"1\",\"enabled\":true,\"type\":\"count\",\"schema\":\"metric\",\"params\":{\"customLabel\":\"Hits\"}},{\"id\":\"2\",\"enabled\":true,\"type\":\"terms\",\"schema\":\"segment\",\"params\":{\"field\":\"URLCategory.keyword\",\"size\":10,\"order\":\"desc\",\"orderBy\":\"1\",\"customLabel\":\"Action\"}}]}",
      "uiStateJSON": "{}",
      "description": "",
      "version": 1,
      "kibanaSavedObjectMeta": {
        "searchSourceJSON": "{\"index\":\"1446c190-fe11-11e7-87f3-ebdc1353ce87\",\"filter\":[],\"query\":{\"query\":\"Threat_ContentType:'url'\",\"language\":\"lucene\"}}"
      }
    }
  },
  {
    "_id": "6d55ff20-fde5-11e7-be83-eddfa25a06ba",
    "_type": "visualization",
    "_source": {
      "title": "URL - Top 10 by Hits (Pie)",
      "visState": "{\"title\":\"URL - Top 10 by Hits (Pie)\",\"type\":\"pie\",\"params\":{\"type\":\"pie\",\"addTooltip\":true,\"addLegend\":true,\"legendPosition\":\"right\",\"isDonut\":false,\"labels\":{\"show\":false,\"values\":true,\"last_level\":true,\"truncate\":100}},\"aggs\":[{\"id\":\"1\",\"enabled\":true,\"type\":\"count\",\"schema\":\"metric\",\"params\":{\"customLabel\":\"Hits\"}},{\"id\":\"2\",\"enabled\":true,\"type\":\"terms\",\"schema\":\"segment\",\"params\":{\"field\":\"Miscellaneous.keyword\",\"size\":10,\"order\":\"desc\",\"orderBy\":\"1\",\"customLabel\":\"URL\"}}]}",
      "uiStateJSON": "{}",
      "description": "",
      "version": 1,
      "kibanaSavedObjectMeta": {
        "searchSourceJSON": "{\"index\":\"1446c190-fe11-11e7-87f3-ebdc1353ce87\",\"filter\":[],\"query\":{\"query\":\"Threat_ContentType:'url'\",\"language\":\"lucene\"}}"
      }
    }
  },
  {
    "_id": "e43b6ff0-fde8-11e7-be83-eddfa25a06ba",
    "_type": "visualization",
    "_source": {
      "title": "URL - All by Source User (Pie)",
      "visState": "{\"title\":\"URL - All by Source User (Pie)\",\"type\":\"pie\",\"params\":{\"type\":\"pie\",\"addTooltip\":true,\"addLegend\":true,\"legendPosition\":\"right\",\"isDonut\":false,\"labels\":{\"show\":false,\"values\":true,\"last_level\":true,\"truncate\":100}},\"aggs\":[{\"id\":\"1\",\"enabled\":true,\"type\":\"count\",\"schema\":\"metric\",\"params\":{\"customLabel\":\"Hits\"}},{\"id\":\"2\",\"enabled\":true,\"type\":\"terms\",\"schema\":\"segment\",\"params\":{\"field\":\"SourceUser.keyword\",\"size\":10,\"order\":\"desc\",\"orderBy\":\"1\",\"customLabel\":\"User\"}}]}",
      "uiStateJSON": "{}",
      "description": "",
      "version": 1,
      "kibanaSavedObjectMeta": {
        "searchSourceJSON": "{\"index\":\"1446c190-fe11-11e7-87f3-ebdc1353ce87\",\"filter\":[],\"query\":{\"query\":\"Threat_ContentType:'url'\",\"language\":\"lucene\"}}"
      }
    }
  },
  {
    "_id": "deba8d50-fde7-11e7-be83-eddfa25a06ba",
    "_type": "visualization",
    "_source": {
      "title": "URL - All by Action (Pie)",
      "visState": "{\"title\":\"URL - All by Action (Pie)\",\"type\":\"pie\",\"params\":{\"type\":\"pie\",\"addTooltip\":true,\"addLegend\":true,\"legendPosition\":\"right\",\"isDonut\":false,\"labels\":{\"show\":false,\"values\":true,\"last_level\":true,\"truncate\":100}},\"aggs\":[{\"id\":\"1\",\"enabled\":true,\"type\":\"count\",\"schema\":\"metric\",\"params\":{\"customLabel\":\"Hits\"}},{\"id\":\"2\",\"enabled\":true,\"type\":\"terms\",\"schema\":\"segment\",\"params\":{\"field\":\"Action.keyword\",\"size\":10,\"order\":\"desc\",\"orderBy\":\"1\",\"customLabel\":\"Action\"}}]}",
      "uiStateJSON": "{}",
      "description": "",
      "version": 1,
      "kibanaSavedObjectMeta": {
        "searchSourceJSON": "{\"index\":\"1446c190-fe11-11e7-87f3-ebdc1353ce87\",\"filter\":[],\"query\":{\"query\":\"Threat_ContentType:'url'\",\"language\":\"lucene\"}}"
      }
    }
  },
  {
    "_id": "0f6f01f0-fde9-11e7-be83-eddfa25a06ba",
    "_type": "visualization",
    "_source": {
      "title": "URL - Blocked URLs by Source IP (Stacked Bar)",
      "visState": "{\"title\":\"URL - Blocked URLs by Source IP (Stacked Bar)\",\"type\":\"histogram\",\"params\":{\"type\":\"histogram\",\"grid\":{\"categoryLines\":false,\"style\":{\"color\":\"#eee\"}},\"categoryAxes\":[{\"id\":\"CategoryAxis-1\",\"type\":\"category\",\"position\":\"bottom\",\"show\":true,\"style\":{},\"scale\":{\"type\":\"linear\"},\"labels\":{\"show\":true,\"truncate\":100},\"title\":{}}],\"valueAxes\":[{\"id\":\"ValueAxis-1\",\"name\":\"LeftAxis-1\",\"type\":\"value\",\"position\":\"left\",\"show\":true,\"style\":{},\"scale\":{\"type\":\"linear\",\"mode\":\"normal\"},\"labels\":{\"show\":true,\"rotate\":0,\"filter\":false,\"truncate\":100},\"title\":{\"text\":\"Hits\"}}],\"seriesParams\":[{\"show\":\"true\",\"type\":\"histogram\",\"mode\":\"stacked\",\"data\":{\"label\":\"Hits\",\"id\":\"1\"},\"valueAxis\":\"ValueAxis-1\",\"drawLinesBetweenPoints\":true,\"showCircles\":true}],\"addTooltip\":true,\"addLegend\":true,\"legendPosition\":\"right\",\"times\":[],\"addTimeMarker\":false},\"aggs\":[{\"id\":\"1\",\"enabled\":true,\"type\":\"count\",\"schema\":\"metric\",\"params\":{\"customLabel\":\"Hits\"}},{\"id\":\"2\",\"enabled\":true,\"type\":\"date_histogram\",\"schema\":\"segment\",\"params\":{\"field\":\"@timestamp\",\"interval\":\"auto\",\"customInterval\":\"2h\",\"min_doc_count\":1,\"extended_bounds\":{},\"customLabel\":\"Time\"}},{\"id\":\"3\",\"enabled\":true,\"type\":\"terms\",\"schema\":\"group\",\"params\":{\"field\":\"SourceIP.keyword\",\"size\":50,\"order\":\"desc\",\"orderBy\":\"1\",\"customLabel\":\"Src IP\"}}]}",
      "uiStateJSON": "{}",
      "description": "",
      "version": 1,
      "kibanaSavedObjectMeta": {
        "searchSourceJSON": "{\"index\":\"1446c190-fe11-11e7-87f3-ebdc1353ce87\",\"filter\":[],\"query\":{\"query\":\"Threat_ContentType:'url' NOT Action:'alert'\",\"language\":\"lucene\"}}"
      }
    }
  },
  {
    "_id": "1f9dc4d0-fde9-11e7-be83-eddfa25a06ba",
    "_type": "visualization",
    "_source": {
      "title": "URL - Top 10 by Source IP (Stacked Bar)",
      "visState": "{\"title\":\"URL - Top 10 by Source IP (Stacked Bar)\",\"type\":\"histogram\",\"params\":{\"type\":\"histogram\",\"grid\":{\"categoryLines\":false,\"style\":{\"color\":\"#eee\"}},\"categoryAxes\":[{\"id\":\"CategoryAxis-1\",\"type\":\"category\",\"position\":\"bottom\",\"show\":true,\"style\":{},\"scale\":{\"type\":\"linear\"},\"labels\":{\"show\":true,\"truncate\":100},\"title\":{}}],\"valueAxes\":[{\"id\":\"ValueAxis-1\",\"name\":\"LeftAxis-1\",\"type\":\"value\",\"position\":\"left\",\"show\":true,\"style\":{},\"scale\":{\"type\":\"linear\",\"mode\":\"normal\"},\"labels\":{\"show\":true,\"rotate\":0,\"filter\":false,\"truncate\":100},\"title\":{\"text\":\"Hits\"}}],\"seriesParams\":[{\"show\":\"true\",\"type\":\"histogram\",\"mode\":\"stacked\",\"data\":{\"label\":\"Hits\",\"id\":\"1\"},\"valueAxis\":\"ValueAxis-1\",\"drawLinesBetweenPoints\":true,\"showCircles\":true}],\"addTooltip\":true,\"addLegend\":true,\"legendPosition\":\"right\",\"times\":[],\"addTimeMarker\":false},\"aggs\":[{\"id\":\"1\",\"enabled\":true,\"type\":\"count\",\"schema\":\"metric\",\"params\":{\"customLabel\":\"Hits\"}},{\"id\":\"2\",\"enabled\":true,\"type\":\"date_histogram\",\"schema\":\"segment\",\"params\":{\"field\":\"@timestamp\",\"interval\":\"auto\",\"customInterval\":\"2h\",\"min_doc_count\":1,\"extended_bounds\":{},\"customLabel\":\"Time\"}},{\"id\":\"3\",\"enabled\":true,\"type\":\"terms\",\"schema\":\"group\",\"params\":{\"field\":\"SourceIP.keyword\",\"size\":10,\"order\":\"desc\",\"orderBy\":\"1\",\"customLabel\":\"Src IP\"}}]}",
      "uiStateJSON": "{}",
      "description": "",
      "version": 1,
      "kibanaSavedObjectMeta": {
        "searchSourceJSON": "{\"index\":\"1446c190-fe11-11e7-87f3-ebdc1353ce87\",\"filter\":[],\"query\":{\"query\":\"Threat_ContentType:'url'\",\"language\":\"lucene\"}}"
      }
    }
  },
  {
    "_id": "c5a60560-fdfb-11e7-be83-eddfa25a06ba",
    "_type": "visualization",
    "_source": {
      "title": "URL - All by Action (Stacked Bar)",
      "visState": "{\"title\":\"URL - All by Action (Stacked Bar)\",\"type\":\"histogram\",\"params\":{\"type\":\"histogram\",\"grid\":{\"categoryLines\":false,\"style\":{\"color\":\"#eee\"}},\"categoryAxes\":[{\"id\":\"CategoryAxis-1\",\"type\":\"category\",\"position\":\"bottom\",\"show\":true,\"style\":{},\"scale\":{\"type\":\"linear\"},\"labels\":{\"show\":true,\"truncate\":100},\"title\":{}}],\"valueAxes\":[{\"id\":\"ValueAxis-1\",\"name\":\"LeftAxis-1\",\"type\":\"value\",\"position\":\"left\",\"show\":true,\"style\":{},\"scale\":{\"type\":\"linear\",\"mode\":\"normal\"},\"labels\":{\"show\":true,\"rotate\":0,\"filter\":false,\"truncate\":100},\"title\":{\"text\":\"Hits\"}}],\"seriesParams\":[{\"show\":\"true\",\"type\":\"histogram\",\"mode\":\"stacked\",\"data\":{\"label\":\"Hits\",\"id\":\"1\"},\"valueAxis\":\"ValueAxis-1\",\"drawLinesBetweenPoints\":true,\"showCircles\":true}],\"addTooltip\":true,\"addLegend\":true,\"legendPosition\":\"right\",\"times\":[],\"addTimeMarker\":false},\"aggs\":[{\"id\":\"1\",\"enabled\":true,\"type\":\"count\",\"schema\":\"metric\",\"params\":{\"customLabel\":\"Hits\"}},{\"id\":\"2\",\"enabled\":true,\"type\":\"date_histogram\",\"schema\":\"segment\",\"params\":{\"field\":\"@timestamp\",\"interval\":\"auto\",\"customInterval\":\"2h\",\"min_doc_count\":1,\"extended_bounds\":{},\"customLabel\":\"Time\"}},{\"id\":\"3\",\"enabled\":true,\"type\":\"terms\",\"schema\":\"group\",\"params\":{\"field\":\"Action.keyword\",\"size\":10,\"order\":\"desc\",\"orderBy\":\"1\",\"customLabel\":\"Action\"}}]}",
      "uiStateJSON": "{}",
      "description": "",
      "version": 1,
      "kibanaSavedObjectMeta": {
        "searchSourceJSON": "{\"index\":\"1446c190-fe11-11e7-87f3-ebdc1353ce87\",\"filter\":[],\"query\":{\"query\":\"Threat_ContentType:'url'\",\"language\":\"lucene\"}}"
      }
    }
  },
  {
    "_id": "21f294a0-fdc5-11e7-be83-eddfa25a06ba",
    "_type": "visualization",
    "_source": {
      "title": "Threat - Medium+ (Table)",
      "visState": "{\"title\":\"Threat - Medium+ (Table)\",\"type\":\"table\",\"params\":{\"perPage\":10,\"showPartialRows\":false,\"showMeticsAtAllLevels\":false,\"sort\":{\"columnIndex\":null,\"direction\":null},\"showTotal\":false,\"totalFunc\":\"sum\"},\"aggs\":[{\"id\":\"1\",\"enabled\":true,\"type\":\"max\",\"schema\":\"metric\",\"params\":{\"field\":\"@timestamp\",\"customLabel\":\"Timestamp\"}},{\"id\":\"2\",\"enabled\":true,\"type\":\"terms\",\"schema\":\"bucket\",\"params\":{\"field\":\"DeviceName.keyword\",\"size\":50,\"order\":\"desc\",\"orderBy\":\"1\",\"customLabel\":\"Device\"}},{\"id\":\"11\",\"enabled\":true,\"type\":\"terms\",\"schema\":\"bucket\",\"params\":{\"field\":\"severity_label.keyword\",\"size\":100,\"order\":\"desc\",\"orderBy\":\"1\",\"customLabel\":\"Severity\"}},{\"id\":\"12\",\"enabled\":true,\"type\":\"terms\",\"schema\":\"bucket\",\"params\":{\"field\":\"SessionID.keyword\",\"size\":50,\"order\":\"desc\",\"orderBy\":\"1\",\"customLabel\":\"Session ID\"}},{\"id\":\"3\",\"enabled\":true,\"type\":\"terms\",\"schema\":\"bucket\",\"params\":{\"field\":\"ThreatID.keyword\",\"size\":100,\"order\":\"desc\",\"orderBy\":\"1\",\"customLabel\":\"Threat ID\"}},{\"id\":\"4\",\"enabled\":true,\"type\":\"terms\",\"schema\":\"bucket\",\"params\":{\"field\":\"Threat_ContentType.keyword\",\"size\":100,\"order\":\"desc\",\"orderBy\":\"1\",\"customLabel\":\"Type\"}},{\"id\":\"5\",\"enabled\":true,\"type\":\"terms\",\"schema\":\"bucket\",\"params\":{\"field\":\"Miscellaneous.keyword\",\"size\":100,\"order\":\"desc\",\"orderBy\":\"1\",\"customLabel\":\"URL\"}},{\"id\":\"8\",\"enabled\":true,\"type\":\"terms\",\"schema\":\"bucket\",\"params\":{\"field\":\"SourceIP.keyword\",\"size\":100,\"order\":\"desc\",\"orderBy\":\"1\",\"customLabel\":\"Src IP\"}},{\"id\":\"6\",\"enabled\":true,\"type\":\"terms\",\"schema\":\"bucket\",\"params\":{\"field\":\"DestinationIP.keyword\",\"size\":100,\"order\":\"desc\",\"orderBy\":\"1\",\"customLabel\":\"Dest IP\"}}]}",
      "uiStateJSON": "{\"vis\":{\"params\":{\"sort\":{\"columnIndex\":null,\"direction\":null}}}}",
      "description": "",
      "version": 1,
      "kibanaSavedObjectMeta": {
        "searchSourceJSON": "{\"index\":\"1446c190-fe11-11e7-87f3-ebdc1353ce87\",\"filter\":[],\"query\":{\"query\":\"NOT ThreatID:9999 NOT Threat_ContentType:'url' NOT Severity:'low'\",\"language\":\"lucene\"}}"
      }
    }
  },
  {
    "_id": "da5dcd40-fdc3-11e7-be83-eddfa25a06ba",
    "_type": "visualization",
    "_source": {
      "title": "Threat - All (Table)",
      "visState": "{\"title\":\"Threat - All (Table)\",\"type\":\"table\",\"params\":{\"perPage\":10,\"showPartialRows\":false,\"showMeticsAtAllLevels\":false,\"sort\":{\"columnIndex\":null,\"direction\":null},\"showTotal\":false,\"totalFunc\":\"sum\"},\"aggs\":[{\"id\":\"1\",\"enabled\":true,\"type\":\"max\",\"schema\":\"metric\",\"params\":{\"field\":\"@timestamp\",\"customLabel\":\"Timestamp\"}},{\"id\":\"2\",\"enabled\":true,\"type\":\"terms\",\"schema\":\"bucket\",\"params\":{\"field\":\"DeviceName.keyword\",\"size\":50,\"order\":\"desc\",\"orderBy\":\"1\",\"customLabel\":\"Device\"}},{\"id\":\"11\",\"enabled\":true,\"type\":\"terms\",\"schema\":\"bucket\",\"params\":{\"field\":\"severity_label.keyword\",\"size\":100,\"order\":\"desc\",\"orderBy\":\"1\",\"customLabel\":\"Severity\"}},{\"id\":\"12\",\"enabled\":true,\"type\":\"terms\",\"schema\":\"bucket\",\"params\":{\"field\":\"SessionID.keyword\",\"size\":50,\"order\":\"desc\",\"orderBy\":\"1\",\"customLabel\":\"Session ID\"}},{\"id\":\"3\",\"enabled\":true,\"type\":\"terms\",\"schema\":\"bucket\",\"params\":{\"field\":\"ThreatID.keyword\",\"size\":100,\"order\":\"desc\",\"orderBy\":\"1\",\"customLabel\":\"Threat ID\"}},{\"id\":\"4\",\"enabled\":true,\"type\":\"terms\",\"schema\":\"bucket\",\"params\":{\"field\":\"Threat_ContentType.keyword\",\"size\":100,\"order\":\"desc\",\"orderBy\":\"1\",\"customLabel\":\"Type\"}},{\"id\":\"5\",\"enabled\":true,\"type\":\"terms\",\"schema\":\"bucket\",\"params\":{\"field\":\"Miscellaneous.keyword\",\"size\":100,\"order\":\"desc\",\"orderBy\":\"1\",\"customLabel\":\"URL\"}},{\"id\":\"8\",\"enabled\":true,\"type\":\"terms\",\"schema\":\"bucket\",\"params\":{\"field\":\"SourceIP.keyword\",\"size\":100,\"order\":\"desc\",\"orderBy\":\"1\",\"customLabel\":\"Src IP\"}},{\"id\":\"6\",\"enabled\":true,\"type\":\"terms\",\"schema\":\"bucket\",\"params\":{\"field\":\"DestinationIP.keyword\",\"size\":100,\"order\":\"desc\",\"orderBy\":\"1\",\"customLabel\":\"Dest IP\"}}]}",
      "uiStateJSON": "{\"vis\":{\"params\":{\"sort\":{\"columnIndex\":null,\"direction\":null}}}}",
      "description": "",
      "version": 1,
      "kibanaSavedObjectMeta": {
        "searchSourceJSON": "{\"index\":\"1446c190-fe11-11e7-87f3-ebdc1353ce87\",\"filter\":[],\"query\":{\"query\":\"NOT ThreatID:9999 NOT Threat_ContentType:'url'\",\"language\":\"lucene\"}}"
      }
    }
  },
  {
    "_id": "b403c1e0-fde6-11e7-be83-eddfa25a06ba",
    "_type": "visualization",
    "_source": {
      "title": "URL - Top 100 Blocked URLs (Table)",
      "visState": "{\"aggs\":[{\"enabled\":true,\"id\":\"1\",\"params\":{\"customLabel\":\"Timestamp\",\"field\":\"@timestamp\"},\"schema\":\"metric\",\"type\":\"max\"},{\"enabled\":true,\"id\":\"2\",\"params\":{\"customLabel\":\"URL\",\"field\":\"Miscellaneous.keyword\",\"order\":\"desc\",\"orderBy\":\"1\",\"size\":100},\"schema\":\"bucket\",\"type\":\"terms\"},{\"enabled\":true,\"id\":\"3\",\"params\":{\"customLabel\":\"Action\",\"field\":\"Action.keyword\",\"order\":\"desc\",\"orderBy\":\"1\",\"size\":10},\"schema\":\"bucket\",\"type\":\"terms\"},{\"enabled\":true,\"id\":\"5\",\"params\":{\"customLabel\":\"Src IP\",\"field\":\"SourceIP.keyword\",\"order\":\"desc\",\"orderBy\":\"1\",\"size\":10},\"schema\":\"bucket\",\"type\":\"terms\"},{\"enabled\":false,\"id\":\"4\",\"params\":{\"customLabel\":\"User\",\"field\":\"SourceUser.keyword\",\"order\":\"desc\",\"orderBy\":\"1\",\"size\":10},\"schema\":\"bucket\",\"type\":\"terms\"}],\"params\":{\"perPage\":10,\"showMeticsAtAllLevels\":false,\"showPartialRows\":false,\"showTotal\":false,\"sort\":{\"columnIndex\":null,\"direction\":null},\"totalFunc\":\"sum\"},\"title\":\"URL - Top 100 Blocked URLs (Table)\",\"type\":\"table\"}",
      "uiStateJSON": "{\"vis\":{\"params\":{\"sort\":{\"columnIndex\":null,\"direction\":null}}}}",
      "description": "",
      "version": 1,
      "kibanaSavedObjectMeta": {
        "searchSourceJSON": "{\"index\":\"1446c190-fe11-11e7-87f3-ebdc1353ce87\",\"filter\":[],\"query\":{\"language\":\"lucene\",\"query\":\"Threat_ContentType:'url' NOT Action:'alert'\"}}"
      }
    }
  },
  {
    "_id": "d1d807e0-fdea-11e7-be83-eddfa25a06ba",
    "_type": "visualization",
    "_source": {
      "title": "Traffic - Blocked Applications by User (Pie)",
      "visState": "{\"title\":\"Traffic - Blocked Applications by User (Pie)\",\"type\":\"pie\",\"params\":{\"type\":\"pie\",\"addTooltip\":true,\"addLegend\":true,\"legendPosition\":\"right\",\"isDonut\":false,\"labels\":{\"show\":false,\"values\":true,\"last_level\":true,\"truncate\":100}},\"aggs\":[{\"id\":\"1\",\"enabled\":true,\"type\":\"count\",\"schema\":\"metric\",\"params\":{\"customLabel\":\"Hits\"}},{\"id\":\"2\",\"enabled\":true,\"type\":\"terms\",\"schema\":\"segment\",\"params\":{\"field\":\"SourceUser.keyword\",\"size\":10,\"order\":\"desc\",\"orderBy\":\"1\",\"customLabel\":\"User\"}}]}",
      "uiStateJSON": "{}",
      "description": "",
      "version": 1,
      "kibanaSavedObjectMeta": {
        "searchSourceJSON": "{\"index\":\"08aca200-fe11-11e7-87f3-ebdc1353ce87\",\"filter\":[],\"query\":{\"query\":\"NOT Action:'alert'\",\"language\":\"lucene\"}}"
      }
    }
  },
  {
    "_id": "34e58e50-fdca-11e7-be83-eddfa25a06ba",
    "_type": "visualization",
    "_source": {
      "title": "Traffic - Source IP (Pie)",
      "visState": "{\"title\":\"Traffic - Source IP (Pie)\",\"type\":\"pie\",\"params\":{\"type\":\"pie\",\"addTooltip\":true,\"addLegend\":true,\"legendPosition\":\"right\",\"isDonut\":false,\"labels\":{\"show\":false,\"values\":true,\"last_level\":true,\"truncate\":100}},\"aggs\":[{\"id\":\"1\",\"enabled\":true,\"type\":\"sum\",\"schema\":\"metric\",\"params\":{\"field\":\"Bytes\",\"customLabel\":\"Traffic\"}},{\"id\":\"2\",\"enabled\":true,\"type\":\"terms\",\"schema\":\"segment\",\"params\":{\"field\":\"SourceIP.keyword\",\"size\":10,\"order\":\"desc\",\"orderBy\":\"1\",\"customLabel\":\"Source IP\"}}]}",
      "uiStateJSON": "{}",
      "description": "",
      "version": 1,
      "kibanaSavedObjectMeta": {
        "searchSourceJSON": "{\"index\":\"08aca200-fe11-11e7-87f3-ebdc1353ce87\",\"filter\":[],\"query\":{\"query\":\"\",\"language\":\"lucene\"}}"
      }
    }
  },
  {
    "_id": "448816c0-fdca-11e7-be83-eddfa25a06ba",
    "_type": "visualization",
    "_source": {
      "title": "Traffic - Destination IP (Pie)",
      "visState": "{\"title\":\"Traffic - Destination IP (Pie)\",\"type\":\"pie\",\"params\":{\"type\":\"pie\",\"addTooltip\":true,\"addLegend\":true,\"legendPosition\":\"right\",\"isDonut\":false,\"labels\":{\"show\":false,\"values\":true,\"last_level\":true,\"truncate\":100}},\"aggs\":[{\"id\":\"1\",\"enabled\":true,\"type\":\"sum\",\"schema\":\"metric\",\"params\":{\"field\":\"Bytes\",\"customLabel\":\"Traffic\"}},{\"id\":\"2\",\"enabled\":true,\"type\":\"terms\",\"schema\":\"segment\",\"params\":{\"field\":\"DestinationIP.keyword\",\"size\":10,\"order\":\"desc\",\"orderBy\":\"1\",\"customLabel\":\"Destination IP\"}}]}",
      "uiStateJSON": "{}",
      "description": "",
      "version": 1,
      "kibanaSavedObjectMeta": {
        "searchSourceJSON": "{\"index\":\"08aca200-fe11-11e7-87f3-ebdc1353ce87\",\"filter\":[],\"query\":{\"query\":\"\",\"language\":\"lucene\"}}"
      }
    }
  }
]